case_id,sku,sku_name,category,supplier,supplier_name,platform,language,region,amount,date,similarity,same_item,defect_tags,defect_description,consistency,outcome,mode
RG-000001,AMZ-P21149,Beauty · P21149,饰品配件,S7,锐捷制造,Amazon,en,US,102.13,2025-08-16,0.927,True,无明显瑕疵,Duplicate order,一致（疑似非质量原因，倾向买家责任）,赢,dataset
RG-000002,AMZ-P23149,Sports · P23149,服饰鞋包,S3,鑫源电子(劣),Amazon,en,US,59.84,2026-01-09,0.844,True,功能故障,Quality issue,存在差异（货不对板 / 运输或质量瑕疵）,输,dataset
RG-000003,AMZ-P22340,Clothing · P22340,服饰鞋包,S7,锐捷制造,Amazon,en,US,21.6,2025-05-09,0.925,True,无明显瑕疵,Late delivery,一致（疑似非质量原因，倾向买家责任）,部分退款,dataset
RG-000004,AMZ-P23146,Toys · P23146,饰品配件,S6,海贸乱发(劣),Amazon,en,US,283.93,2026-07-04,0.842,True,货不对板,Size/fit issue,存在差异（货不对板 / 运输或质量瑕疵）,输,dataset
RG-000005,AMZ-P23120,Home · P23120,小家电,S6,海贸乱发(劣),Amazon,en,US,129.66,2025-12-07,0.898,True,商品缺件,Missing parts,存在差异（货不对板 / 运输或质量瑕疵）,赢,dataset
RG-000006,AMZ-P20032,Books · P20032,饰品配件,S7,锐捷制造,Amazon,en,US,464.28,2025-04-03,0.936,True,无明显瑕疵,Late delivery,一致（疑似非质量原因，倾向买家责任）,赢,dataset
RG-000007,AMZ-P21486,Books · P21486,饰品配件,S3,鑫源电子(劣),Amazon,en,US,61.97,2026-08-07,0.901,True,外包装破损,Damaged,存在差异（货不对板 / 运输或质量瑕疵）,输,dataset
RG-000008,AMZ-P23477,Clothing · P23477,服饰鞋包,S6,海贸乱发(劣),Amazon,en,US,39.22,2025-01-27,0.63,False,货不对板,Wrong item,存在差异（货不对板 / 运输或质量瑕疵）,输,dataset
RG-000009,AMZ-P22502,Electronics · P22502,3C数码,S7,锐捷制造,Amazon,en,US,22.94,2026-07-14,0.877,True,无明显瑕疵,Late delivery,一致（疑似非质量原因，倾向买家责任）,赢,dataset
RG-000010,AMZ-P20003,Books · P20003,饰品配件,S3,鑫源电子(劣),Amazon,en,US,31.22,2026-07-04,0.843,True,外包装破损,Damaged,存在差异（货不对板 / 运输或质量瑕疵）,部分退款,dataset
RG-000011,AMZ-P21274,Home · P21274,小家电,S6,海贸乱发(劣),Amazon,en,US,76.33,2025-01-16,0.645,False,货不对板,Wrong item,存在差异（货不对板 / 运输或质量瑕疵）,输,dataset
RG-000012,AMZ-P22856,Sports · P22856,服饰鞋包,S3,鑫源电子(劣),Amazon,en,US,46.07,2025-07-19,0.883,True,外包装破损,Damaged,存在差异（货不对板 / 运输或质量瑕疵）,输,dataset
RG-000013,AMZ-P22712,Home · P22712,小家电,S6,海贸乱发(劣),Amazon,en,US,73.18,2025-05-12,0.61,False,货不对板,Not as described,存在差异（货不对板 / 运输或质量瑕疵）,输,dataset
RG-000014,AMZ-P20614,Electronics · P20614,3C数码,S3,鑫源电子(劣),Amazon,en,US,192.61,2026-05-10,0.87,True,功能故障,Quality issue,存在差异（货不对板 / 运输或质量瑕疵）,输,dataset
RG-000015,AMZ-P20952,Electronics · P20952,3C数码,S7,锐捷制造,Amazon,en,US,96.17,2026-02-15,0.904,True,无明显瑕疵,Duplicate order,一致（疑似非质量原因，倾向买家责任）,赢,dataset
RG-000016,AMZ-P20935,Clothing · P20935,服饰鞋包,S7,锐捷制造,Amazon,en,US,184.0,2026-05-28,0.893,True,无明显瑕疵,Duplicate order,一致（疑似非质量原因，倾向买家责任）,赢,dataset
RG-000017,AMZ-P22429,Clothing · P22429,服饰鞋包,S7,锐捷制造,Amazon,en,US,447.38,2025-03-13,0.913,True,无明显瑕疵,Changed mind,一致（疑似非质量原因，倾向买家责任）,赢,dataset
RG-000018,AMZ-P21273,Electronics · P21273,3C数码,S3,鑫源电子(劣),Amazon,en,US,155.75,2025-08-21,0.877,True,外包装破损,Damaged,存在差异（货不对板 / 运输或质量瑕疵）,部分退款,dataset
RG-000019,AMZ-P20384,Electronics · P20384,3C数码,S7,锐捷制造,Amazon,en,US,120.19,2026-02-03,0.909,True,无明显瑕疵,Late delivery,一致（疑似非质量原因，倾向买家责任）,赢,dataset
RG-000020,AMZ-P22485,Electronics · P22485,3C数码,S6,海贸乱发(劣),Amazon,en,US,49.03,2026-08-11,0.61,False,货不对板,Wrong item,存在差异（货不对板 / 运输或质量瑕疵）,赢,dataset
RG-000021,AMZ-P21144,Home · P21144,小家电,S7,锐捷制造,Amazon,en,US,170.59,2025-03-18,0.922,True,无明显瑕疵,Duplicate order,一致（疑似非质量原因，倾向买家责任）,赢,dataset
RG-000022,AMZ-P22373,Books · P22373,饰品配件,S7,锐捷制造,Amazon,en,US,1427.24,2025-07-22,0.918,True,无明显瑕疵,Changed mind,一致（疑似非质量原因，倾向买家责任）,部分退款,dataset
RG-000023,AMZ-P22670,Home · P22670,小家电,S6,海贸乱发(劣),Amazon,en,US,139.52,2026-07-04,0.658,False,货不对板,Not as described,存在差异（货不对板 / 运输或质量瑕疵）,输,dataset
RG-000024,AMZ-P20394,Home · P20394,小家电,S7,锐捷制造,Amazon,en,US,66.5,2025-04-25,0.894,True,无明显瑕疵,Duplicate order,一致（疑似非质量原因，倾向买家责任）,赢,dataset
RG-000025,AMZ-P23449,Electronics · P23449,3C数码,S7,锐捷制造,Amazon,en,US,33.32,2026-03-11,0.927,True,无明显瑕疵,Duplicate order,一致（疑似非质量原因，倾向买家责任）,部分退款,dataset
RG-000026,AMZ-P23560,Books · P23560,饰品配件,S6,海贸乱发(劣),Amazon,en,US,88.29,2025-04-03,0.83,True,货不对板,Size/fit issue,存在差异（货不对板 / 运输或质量瑕疵）,输,dataset
RG-000027,AMZ-P21160,Toys · P21160,饰品配件,S6,海贸乱发(劣),Amazon,en,US,472.14,2026-04-05,0.613,False,货不对板,Not as described,存在差异（货不对板 / 运输或质量瑕疵）,输,dataset
RG-000028,AMZ-P20198,Books · P20198,饰品配件,S3,鑫源电子(劣),Amazon,en,US,41.83,2025-11-14,0.893,True,功能故障,Quality issue,存在差异（货不对板 / 运输或质量瑕疵）,输,dataset
RG-000029,AMZ-P21890,Home · P21890,小家电,S3,鑫源电子(劣),Amazon,en,US,287.18,2025-10-21,0.856,True,功能故障,Quality issue,存在差异（货不对板 / 运输或质量瑕疵）,输,dataset
RG-000030,AMZ-P22369,Home · P22369,小家电,S6,海贸乱发(劣),Amazon,en,US,50.68,2026-03-05,0.869,True,商品缺件,Missing parts,存在差异（货不对板 / 运输或质量瑕疵）,输,dataset
RG-000031,AMZ-P20360,Electronics · P20360,3C数码,S3,鑫源电子(劣),Amazon,en,US,323.68,2026-06-04,0.888,True,功能故障,Quality issue,存在差异（货不对板 / 运输或质量瑕疵）,输,dataset
RG-000032,AMZ-P21034,Books · P21034,饰品配件,S6,海贸乱发(劣),Amazon,en,US,80.29,2025-04-12,0.65,False,货不对板,Not as described,存在差异（货不对板 / 运输或质量瑕疵）,部分退款,dataset
RG-000033,AMZ-P23807,Electronics · P23807,3C数码,S7,锐捷制造,Amazon,en,US,637.33,2025-06-14,0.878,True,无明显瑕疵,Late delivery,一致（疑似非质量原因，倾向买家责任）,赢,dataset
RG-000034,AMZ-P21393,Clothing · P21393,服饰鞋包,S7,锐捷制造,Amazon,en,US,481.6,2025-05-08,0.894,True,无明显瑕疵,Duplicate order,一致（疑似非质量原因，倾向买家责任）,赢,dataset
RG-000035,AMZ-P22126,Home · P22126,小家电,S6,海贸乱发(劣),Amazon,en,US,184.89,2026-06-02,0.614,False,货不对板,Wrong item,存在差异（货不对板 / 运输或质量瑕疵）,赢,dataset
RG-000036,AMZ-P22677,Electronics · P22677,3C数码,S3,鑫源电子(劣),Amazon,en,US,339.51,2025-07-07,0.873,True,功能故障,Quality issue,存在差异（货不对板 / 运输或质量瑕疵）,输,dataset
RG-000037,AMZ-P20841,Electronics · P20841,3C数码,S7,锐捷制造,Amazon,en,US,63.0,2025-09-19,0.912,True,无明显瑕疵,Late delivery,一致（疑似非质量原因，倾向买家责任）,赢,dataset
RG-000038,AMZ-P21758,Toys · P21758,饰品配件,S6,海贸乱发(劣),Amazon,en,US,24.16,2026-01-19,0.892,True,商品缺件,Missing parts,存在差异（货不对板 / 运输或质量瑕疵）,输,dataset
RG-000039,AMZ-P20719,Toys · P20719,饰品配件,S6,海贸乱发(劣),Amazon,en,US,752.87,2026-05-31,0.655,False,货不对板,Wrong item,存在差异（货不对板 / 运输或质量瑕疵）,赢,dataset
RG-000040,AMZ-P21549,Home · P21549,小家电,S7,锐捷制造,Amazon,en,US,78.41,2026-04-19,0.911,True,无明显瑕疵,Late delivery,一致（疑似非质量原因，倾向买家责任）,输,dataset
RG-000041,AMZ-P23335,Electronics · P23335,3C数码,S3,鑫源电子(劣),Amazon,en,US,14.57,2025-02-14,0.872,True,外包装破损,Damaged,存在差异（货不对板 / 运输或质量瑕疵）,输,dataset
RG-000042,AMZ-P22438,Clothing · P22438,服饰鞋包,S7,锐捷制造,Amazon,en,US,298.36,2025-07-22,0.947,True,无明显瑕疵,Late delivery,一致（疑似非质量原因，倾向买家责任）,赢,dataset
RG-000043,AMZ-P21966,Home · P21966,小家电,S7,锐捷制造,Amazon,en,US,200.53,2025-11-28,0.902,True,无明显瑕疵,Changed mind,一致（疑似非质量原因，倾向买家责任）,赢,dataset
RG-000044,AMZ-P22031,Sports · P22031,服饰鞋包,S6,海贸乱发(劣),Amazon,en,US,51.76,2025-02-08,0.868,True,商品缺件,Missing parts,存在差异（货不对板 / 运输或质量瑕疵）,部分退款,dataset
RG-000045,AMZ-P22809,Home · P22809,小家电,S3,鑫源电子(劣),Amazon,en,US,65.44,2026-04-28,0.898,True,外包装破损,Damaged,存在差异（货不对板 / 运输或质量瑕疵）,输,dataset
RG-000046,AMZ-P23720,Toys · P23720,饰品配件,S7,锐捷制造,Amazon,en,US,32.85,2025-02-28,0.917,True,无明显瑕疵,Duplicate order,一致（疑似非质量原因，倾向买家责任）,赢,dataset
RG-000047,AMZ-P22401,Books · P22401,饰品配件,S7,锐捷制造,Amazon,en,US,413.39,2025-01-21,0.869,True,无明显瑕疵,Changed mind,一致（疑似非质量原因，倾向买家责任）,赢,dataset
RG-000048,AMZ-P21593,Electronics · P21593,3C数码,S6,海贸乱发(劣),Amazon,en,US,16.33,2025-01-09,0.926,True,商品缺件,Missing parts,存在差异（货不对板 / 运输或质量瑕疵）,部分退款,dataset
RG-000049,AMZ-P20545,Electronics · P20545,3C数码,S6,海贸乱发(劣),Amazon,en,US,39.73,2025-07-06,0.872,True,货不对板,Size/fit issue,存在差异（货不对板 / 运输或质量瑕疵）,输,dataset
RG-000050,AMZ-P20891,Books · P20891,饰品配件,S6,海贸乱发(劣),Amazon,en,US,535.19,2025-03-27,0.631,False,货不对板,Not as described,存在差异（货不对板 / 运输或质量瑕疵）,赢,dataset
RG-000051,AMZ-P23855,Electronics · P23855,3C数码,S6,海贸乱发(劣),Amazon,en,US,1161.72,2025-09-01,0.658,False,货不对板,Wrong item,存在差异（货不对板 / 运输或质量瑕疵）,输,dataset
RG-000052,AMZ-P22340,Clothing · P22340,服饰鞋包,S6,海贸乱发(劣),Amazon,en,US,36.65,2025-04-13,0.857,True,货不对板,Size/fit issue,存在差异（货不对板 / 运输或质量瑕疵）,部分退款,dataset
RG-000053,AMZ-P20535,Clothing · P20535,服饰鞋包,S6,海贸乱发(劣),Amazon,en,US,109.36,2025-11-18,0.649,False,货不对板,Not as described,存在差异（货不对板 / 运输或质量瑕疵）,输,dataset
RG-000054,AMZ-P20308,Home · P20308,小家电,S6,海贸乱发(劣),Amazon,en,US,228.08,2025-12-09,0.902,True,商品缺件,Missing parts,存在差异（货不对板 / 运输或质量瑕疵）,赢,dataset
RG-000055,AMZ-P21821,Clothing · P21821,服饰鞋包,S6,海贸乱发(劣),Amazon,en,US,136.99,2025-06-18,0.603,False,货不对板,Wrong item,存在差异（货不对板 / 运输或质量瑕疵）,部分退款,dataset
RG-000056,AMZ-P23219,Home · P23219,小家电,S3,鑫源电子(劣),Amazon,en,US,88.69,2025-02-27,0.863,True,功能故障,Quality issue,存在差异（货不对板 / 运输或质量瑕疵）,输,dataset
RG-000057,AMZ-P23413,Home · P23413,小家电,S6,海贸乱发(劣),Amazon,en,US,215.64,2026-03-25,0.885,True,商品缺件,Missing parts,存在差异（货不对板 / 运输或质量瑕疵）,输,dataset
RG-000058,AMZ-P23754,Clothing · P23754,服饰鞋包,S7,锐捷制造,Amazon,en,US,305.33,2025-05-30,0.904,True,无明显瑕疵,Duplicate order,一致（疑似非质量原因，倾向买家责任）,输,dataset
RG-000059,AMZ-P23889,Home · P23889,小家电,S6,海贸乱发(劣),Amazon,en,US,88.32,2026-03-13,0.636,False,货不对板,Wrong item,存在差异（货不对板 / 运输或质量瑕疵）,输,dataset
RG-000060,AMZ-P20015,Beauty · P20015,饰品配件,S3,鑫源电子(劣),Amazon,en,US,442.95,2025-09-10,0.838,True,外包装破损,Damaged,存在差异（货不对板 / 运输或质量瑕疵）,输,dataset
RG-000061,AMZ-P21889,Books · P21889,饰品配件,S6,海贸乱发(劣),Amazon,en,US,138.23,2025-02-08,0.834,True,货不对板,Size/fit issue,存在差异（货不对板 / 运输或质量瑕疵）,输,dataset
RG-000062,AMZ-P23150,Home · P23150,小家电,S3,鑫源电子(劣),Amazon,en,US,71.18,2026-04-25,0.897,True,功能故障,Quality issue,存在差异（货不对板 / 运输或质量瑕疵）,部分退款,dataset
RG-000063,AMZ-P21648,Beauty · P21648,饰品配件,S6,海贸乱发(劣),Amazon,en,US,124.29,2025-02-11,0.666,False,货不对板,Wrong item,存在差异（货不对板 / 运输或质量瑕疵）,输,dataset
RG-000064,AMZ-P20657,Home · P20657,小家电,S6,海贸乱发(劣),Amazon,en,US,55.41,2026-01-14,0.847,True,商品缺件,Missing parts,存在差异（货不对板 / 运输或质量瑕疵）,输,dataset
RG-000065,AMZ-P20168,Sports · P20168,服饰鞋包,S3,鑫源电子(劣),Amazon,en,US,217.61,2026-01-30,0.853,True,功能故障,Quality issue,存在差异（货不对板 / 运输或质量瑕疵）,输,dataset
RG-000066,AMZ-P22338,Home · P22338,小家电,S6,海贸乱发(劣),Amazon,en,US,178.78,2025-07-24,0.874,True,货不对板,Size/fit issue,存在差异（货不对板 / 运输或质量瑕疵）,部分退款,dataset
RG-000067,AMZ-P20016,Home · P20016,小家电,S6,海贸乱发(劣),Amazon,en,US,38.1,2026-01-08,0.875,True,商品缺件,Missing parts,存在差异（货不对板 / 运输或质量瑕疵）,输,dataset
RG-000068,AMZ-P21501,Clothing · P21501,服饰鞋包,S6,海贸乱发(劣),Amazon,en,US,64.72,2025-08-09,0.672,False,货不对板,Not as described,存在差异（货不对板 / 运输或质量瑕疵）,输,dataset
RG-000069,AMZ-P21769,Clothing · P21769,服饰鞋包,S7,锐捷制造,Amazon,en,US,102.81,2026-05-25,0.922,True,无明显瑕疵,Changed mind,一致（疑似非质量原因，倾向买家责任）,赢,dataset
RG-000070,AMZ-P21903,Toys · P21903,饰品配件,S6,海贸乱发(劣),Amazon,en,US,298.26,2026-08-05,0.643,False,货不对板,Wrong item,存在差异（货不对板 / 运输或质量瑕疵）,赢,dataset
RG-000071,AMZ-P20877,Toys · P20877,饰品配件,S7,锐捷制造,Amazon,en,US,51.23,2026-05-27,0.898,True,无明显瑕疵,Late delivery,一致（疑似非质量原因，倾向买家责任）,赢,dataset
RG-000072,AMZ-P23540,Electronics · P23540,3C数码,S7,锐捷制造,Amazon,en,US,97.32,2025-07-21,0.894,True,无明显瑕疵,Duplicate order,一致（疑似非质量原因，倾向买家责任）,部分退款,dataset
RG-000073,AMZ-P22215,Clothing · P22215,服饰鞋包,S7,锐捷制造,Amazon,en,US,36.41,2025-05-07,0.92,True,无明显瑕疵,Changed mind,一致（疑似非质量原因，倾向买家责任）,赢,dataset
RG-000074,AMZ-P20719,Home · P20719,小家电,S6,海贸乱发(劣),Amazon,en,US,89.5,2025-09-16,0.865,True,货不对板,Size/fit issue,存在差异（货不对板 / 运输或质量瑕疵）,赢,dataset
RG-000075,AMZ-P23254,Electronics · P23254,3C数码,S3,鑫源电子(劣),Amazon,en,US,798.92,2026-06-26,0.874,True,外包装破损,Damaged,存在差异（货不对板 / 运输或质量瑕疵）,输,dataset
RG-000076,AMZ-P23028,Clothing · P23028,服饰鞋包,S7,锐捷制造,Amazon,en,US,18.56,2025-03-09,0.898,True,无明显瑕疵,Changed mind,一致（疑似非质量原因，倾向买家责任）,赢,dataset
RG-000077,AMZ-P22910,Clothing · P22910,服饰鞋包,S7,锐捷制造,Amazon,en,US,120.37,2026-06-22,0.911,True,无明显瑕疵,Duplicate order,一致（疑似非质量原因，倾向买家责任）,部分退款,dataset
RG-000078,AMZ-P23228,Clothing · P23228,服饰鞋包,S6,海贸乱发(劣),Amazon,en,US,157.48,2026-06-15,0.881,True,商品缺件,Missing parts,存在差异（货不对板 / 运输或质量瑕疵）,输,dataset
RG-000079,AMZ-P21452,Beauty · P21452,饰品配件,S6,海贸乱发(劣),Amazon,en,US,89.33,2025-10-10,0.658,False,货不对板,Not as described,存在差异（货不对板 / 运输或质量瑕疵）,赢,dataset
RG-000080,AMZ-P22653,Electronics · P22653,3C数码,S7,锐捷制造,Amazon,en,US,53.85,2026-04-16,0.916,True,无明显瑕疵,Late delivery,一致（疑似非质量原因，倾向买家责任）,部分退款,dataset
RG-000081,AMZ-P22757,Electronics · P22757,3C数码,S6,海贸乱发(劣),Amazon,en,US,156.86,2024-12-31,0.893,True,商品缺件,Missing parts,存在差异（货不对板 / 运输或质量瑕疵）,赢,dataset
RG-000082,AMZ-P20530,Electronics · P20530,3C数码,S6,海贸乱发(劣),Amazon,en,US,574.5,2025-07-07,0.869,True,货不对板,Size/fit issue,存在差异（货不对板 / 运输或质量瑕疵）,输,dataset
RG-000083,AMZ-P21813,Home · P21813,小家电,S7,锐捷制造,Amazon,en,US,145.31,2025-10-13,0.929,True,无明显瑕疵,Duplicate order,一致（疑似非质量原因，倾向买家责任）,部分退款,dataset
RG-000084,AMZ-P23305,Toys · P23305,饰品配件,S3,鑫源电子(劣),Amazon,en,US,462.54,2025-08-22,0.854,True,功能故障,Quality issue,存在差异（货不对板 / 运输或质量瑕疵）,输,dataset
RG-000085,AMZ-P20817,Home · P20817,小家电,S7,锐捷制造,Amazon,en,US,15.56,2025-11-24,0.902,True,无明显瑕疵,Duplicate order,一致（疑似非质量原因，倾向买家责任）,部分退款,dataset
RG-000086,AMZ-P21678,Home · P21678,小家电,S6,海贸乱发(劣),Amazon,en,US,541.9,2026-04-18,0.636,False,货不对板,Not as described,存在差异（货不对板 / 运输或质量瑕疵）,输,dataset
RG-000087,AMZ-P20366,Beauty · P20366,饰品配件,S7,锐捷制造,Amazon,en,US,810.82,2025-06-01,0.893,True,无明显瑕疵,Changed mind,一致（疑似非质量原因，倾向买家责任）,输,dataset
RG-000088,AMZ-P21118,Electronics · P21118,3C数码,S6,海贸乱发(劣),Amazon,en,US,87.16,2026-01-21,0.668,False,货不对板,Not as described,存在差异（货不对板 / 运输或质量瑕疵）,输,dataset
RG-000089,AMZ-P23410,Electronics · P23410,3C数码,S3,鑫源电子(劣),Amazon,en,US,27.4,2025-08-05,0.865,True,功能故障,Quality issue,存在差异（货不对板 / 运输或质量瑕疵）,输,dataset
RG-000090,AMZ-P23489,Sports · P23489,服饰鞋包,S6,海贸乱发(劣),Amazon,en,US,51.05,2025-06-30,0.599,False,货不对板,Wrong item,存在差异（货不对板 / 运输或质量瑕疵）,输,dataset
RG-000091,AMZ-P23681,Home · P23681,小家电,S6,海贸乱发(劣),Amazon,en,US,36.63,2025-09-25,0.853,True,商品缺件,Missing parts,存在差异（货不对板 / 运输或质量瑕疵）,输,dataset
RG-000092,AMZ-P21627,Home · P21627,小家电,S6,海贸乱发(劣),Amazon,en,US,805.42,2026-01-18,0.895,True,商品缺件,Missing parts,存在差异（货不对板 / 运输或质量瑕疵）,部分退款,dataset
RG-000093,AMZ-P20864,Home · P20864,小家电,S3,鑫源电子(劣),Amazon,en,US,30.93,2025-08-10,0.853,True,功能故障,Quality issue,存在差异（货不对板 / 运输或质量瑕疵）,输,dataset
RG-000094,AMZ-P20233,Clothing · P20233,服饰鞋包,S7,锐捷制造,Amazon,en,US,160.08,2025-05-16,0.894,True,无明显瑕疵,Duplicate order,一致（疑似非质量原因，倾向买家责任）,赢,dataset
RG-000095,AMZ-P21744,Clothing · P21744,服饰鞋包,S7,锐捷制造,Amazon,en,US,95.84,2026-04-01,0.925,True,无明显瑕疵,Changed mind,一致（疑似非质量原因，倾向买家责任）,赢,dataset
RG-000096,AMZ-P21930,Books · P21930,饰品配件,S6,海贸乱发(劣),Amazon,en,US,28.94,2026-07-09,0.887,True,商品缺件,Missing parts,存在差异（货不对板 / 运输或质量瑕疵）,输,dataset
RG-000097,AMZ-P23621,Clothing · P23621,服饰鞋包,S3,鑫源电子(劣),Amazon,en,US,304.17,2026-02-08,0.869,True,功能故障,Quality issue,存在差异（货不对板 / 运输或质量瑕疵）,输,dataset
RG-000098,AMZ-P20463,Home · P20463,小家电,S7,锐捷制造,Amazon,en,US,221.83,2025-10-05,0.903,True,无明显瑕疵,Duplicate order,一致（疑似非质量原因，倾向买家责任）,赢,dataset
RG-000099,AMZ-P21409,Toys · P21409,饰品配件,S7,锐捷制造,Amazon,en,US,91.34,2025-07-24,0.887,True,无明显瑕疵,Duplicate order,一致（疑似非质量原因，倾向买家责任）,赢,dataset
RG-000100,AMZ-P21701,Clothing · P21701,服饰鞋包,S6,海贸乱发(劣),Amazon,en,US,46.55,2026-03-28,0.886,True,商品缺件,Missing parts,存在差异（货不对板 / 运输或质量瑕疵）,输,dataset
RG-000101,AMZ-P21069,Books · P21069,饰品配件,S7,锐捷制造,Amazon,en,US,70.39,2025-02-19,0.902,True,无明显瑕疵,Changed mind,一致（疑似非质量原因，倾向买家责任）,赢,dataset
RG-000102,AMZ-P20051,Clothing · P20051,服饰鞋包,S6,海贸乱发(劣),Amazon,en,US,234.47,2025-03-09,0.914,True,商品缺件,Missing parts,存在差异（货不对板 / 运输或质量瑕疵）,输,dataset
RG-000103,AMZ-P22083,Toys · P22083,饰品配件,S3,鑫源电子(劣),Amazon,en,US,65.5,2025-03-24,0.882,True,功能故障,Quality issue,存在差异（货不对板 / 运输或质量瑕疵）,输,dataset
RG-000104,AMZ-P22883,Electronics · P22883,3C数码,S6,海贸乱发(劣),Amazon,en,US,33.21,2026-01-02,0.651,False,货不对板,Wrong item,存在差异（货不对板 / 运输或质量瑕疵）,输,dataset
RG-000105,AMZ-P20947,Home · P20947,小家电,S6,海贸乱发(劣),Amazon,en,US,59.89,2025-06-20,0.65,False,货不对板,Not as described,存在差异（货不对板 / 运输或质量瑕疵）,部分退款,dataset
RG-000106,AMZ-P22938,Beauty · P22938,饰品配件,S6,海贸乱发(劣),Amazon,en,US,117.61,2026-03-10,0.635,False,货不对板,Not as described,存在差异（货不对板 / 运输或质量瑕疵）,输,dataset
RG-000107,AMZ-P23052,Clothing · P23052,服饰鞋包,S6,海贸乱发(劣),Amazon,en,US,33.0,2026-06-25,0.935,True,商品缺件,Missing parts,存在差异（货不对板 / 运输或质量瑕疵）,部分退款,dataset
RG-000108,AMZ-P22750,Electronics · P22750,3C数码,S6,海贸乱发(劣),Amazon,en,US,639.0,2025-06-28,0.662,False,货不对板,Wrong item,存在差异（货不对板 / 运输或质量瑕疵）,赢,dataset
RG-000109,AMZ-P23647,Clothing · P23647,服饰鞋包,S3,鑫源电子(劣),Amazon,en,US,195.27,2026-01-22,0.898,True,功能故障,Quality issue,存在差异（货不对板 / 运输或质量瑕疵）,输,dataset
RG-000110,AMZ-P23507,Beauty · P23507,饰品配件,S7,锐捷制造,Amazon,en,US,119.9,2025-08-18,0.886,True,无明显瑕疵,Duplicate order,一致（疑似非质量原因，倾向买家责任）,输,dataset
RG-000111,AMZ-P22203,Clothing · P22203,服饰鞋包,S3,鑫源电子(劣),Amazon,en,US,41.77,2025-08-13,0.915,True,外包装破损,Damaged,存在差异（货不对板 / 运输或质量瑕疵）,输,dataset
RG-000112,AMZ-P21486,Electronics · P21486,3C数码,S6,海贸乱发(劣),Amazon,en,US,72.14,2026-06-19,0.668,False,货不对板,Wrong item,存在差异（货不对板 / 运输或质量瑕疵）,部分退款,dataset
RG-000113,AMZ-P20732,Home · P20732,小家电,S6,海贸乱发(劣),Amazon,en,US,236.73,2025-11-28,0.835,True,货不对板,Size/fit issue,存在差异（货不对板 / 运输或质量瑕疵）,输,dataset
RG-000114,AMZ-P21099,Sports · P21099,服饰鞋包,S6,海贸乱发(劣),Amazon,en,US,69.53,2025-04-05,0.856,True,商品缺件,Missing parts,存在差异（货不对板 / 运输或质量瑕疵）,输,dataset
RG-000115,AMZ-P23388,Books · P23388,饰品配件,S6,海贸乱发(劣),Amazon,en,US,85.4,2025-03-10,0.81,False,货不对板,Size/fit issue,存在差异（货不对板 / 运输或质量瑕疵）,输,dataset
RG-000116,AMZ-P21802,Toys · P21802,饰品配件,S7,锐捷制造,Amazon,en,US,64.14,2025-07-19,0.89,True,无明显瑕疵,Duplicate order,一致（疑似非质量原因，倾向买家责任）,赢,dataset
RG-000117,AMZ-P22167,Clothing · P22167,服饰鞋包,S7,锐捷制造,Amazon,en,US,42.88,2025-12-07,0.9,True,无明显瑕疵,Late delivery,一致（疑似非质量原因，倾向买家责任）,赢,dataset
RG-000118,AMZ-P22197,Toys · P22197,饰品配件,S7,锐捷制造,Amazon,en,US,74.31,2026-07-21,0.885,True,无明显瑕疵,Changed mind,一致（疑似非质量原因，倾向买家责任）,赢,dataset
RG-000119,AMZ-P23090,Toys · P23090,饰品配件,S6,海贸乱发(劣),Amazon,en,US,102.35,2026-05-30,0.86,True,商品缺件,Missing parts,存在差异（货不对板 / 运输或质量瑕疵）,输,dataset
RG-000120,AMZ-P21722,Books · P21722,饰品配件,S3,鑫源电子(劣),Amazon,en,US,196.82,2025-05-28,0.848,True,外包装破损,Damaged,存在差异（货不对板 / 运输或质量瑕疵）,输,dataset
RG-000121,AMZ-P22211,Beauty · P22211,饰品配件,S7,锐捷制造,Amazon,en,US,290.94,2025-06-13,0.869,True,无明显瑕疵,Late delivery,一致（疑似非质量原因，倾向买家责任）,赢,dataset
RG-000122,AMZ-P21358,Home · P21358,小家电,S6,海贸乱发(劣),Amazon,en,US,55.41,2026-01-01,0.618,False,货不对板,Wrong item,存在差异（货不对板 / 运输或质量瑕疵）,输,dataset
RG-000123,AMZ-P23562,Beauty · P23562,饰品配件,S7,锐捷制造,Amazon,en,US,155.85,2026-06-20,0.911,True,无明显瑕疵,Late delivery,一致（疑似非质量原因，倾向买家责任）,赢,dataset
RG-000124,AMZ-P20243,Clothing · P20243,服饰鞋包,S3,鑫源电子(劣),Amazon,en,US,66.02,2025-08-01,0.861,True,功能故障,Quality issue,存在差异（货不对板 / 运输或质量瑕疵）,输,dataset
RG-000125,AMZ-P22116,Beauty · P22116,饰品配件,S6,海贸乱发(劣),Amazon,en,US,13.11,2026-05-25,0.643,False,货不对板,Not as described,存在差异（货不对板 / 运输或质量瑕疵）,输,dataset
RG-000126,AMZ-P21221,Sports · P21221,服饰鞋包,S6,海贸乱发(劣),Amazon,en,US,41.5,2026-04-01,0.627,False,货不对板,Not as described,存在差异（货不对板 / 运输或质量瑕疵）,输,dataset
RG-000127,AMZ-P22056,Home · P22056,小家电,S3,鑫源电子(劣),Amazon,en,US,90.91,2026-07-10,0.895,True,功能故障,Quality issue,存在差异（货不对板 / 运输或质量瑕疵）,部分退款,dataset
RG-000128,AMZ-P20709,Electronics · P20709,3C数码,S3,鑫源电子(劣),Amazon,en,US,104.3,2026-03-08,0.906,True,外包装破损,Damaged,存在差异（货不对板 / 运输或质量瑕疵）,输,dataset
RG-000129,AMZ-P22317,Home · P22317,小家电,S6,海贸乱发(劣),Amazon,en,US,129.97,2026-04-09,0.901,True,商品缺件,Missing parts,存在差异（货不对板 / 运输或质量瑕疵）,输,dataset
RG-000130,AMZ-P22220,Clothing · P22220,服饰鞋包,S6,海贸乱发(劣),Amazon,en,US,60.49,2026-06-28,0.9,True,商品缺件,Missing parts,存在差异（货不对板 / 运输或质量瑕疵）,输,dataset
RG-000131,AMZ-P22428,Books · P22428,饰品配件,S7,锐捷制造,Amazon,en,US,171.09,2026-03-27,0.886,True,无明显瑕疵,Duplicate order,一致（疑似非质量原因，倾向买家责任）,输,dataset
RG-000132,AMZ-P20727,Home · P20727,小家电,S3,鑫源电子(劣),Amazon,en,US,161.99,2026-03-23,0.896,True,功能故障,Quality issue,存在差异（货不对板 / 运输或质量瑕疵）,部分退款,dataset
RG-000133,AMZ-P22863,Toys · P22863,饰品配件,S6,海贸乱发(劣),Amazon,en,US,166.37,2025-03-05,0.835,True,货不对板,Size/fit issue,存在差异（货不对板 / 运输或质量瑕疵）,部分退款,dataset
RG-000134,AMZ-P21098,Clothing · P21098,服饰鞋包,S7,锐捷制造,Amazon,en,US,18.87,2026-07-13,0.912,True,无明显瑕疵,Changed mind,一致（疑似非质量原因，倾向买家责任）,赢,dataset
RG-000135,AMZ-P21217,Electronics · P21217,3C数码,S6,海贸乱发(劣),Amazon,en,US,42.95,2026-07-01,0.653,False,货不对板,Not as described,存在差异（货不对板 / 运输或质量瑕疵）,输,dataset
RG-000136,AMZ-P21847,Beauty · P21847,饰品配件,S3,鑫源电子(劣),Amazon,en,US,38.74,2025-12-05,0.898,True,功能故障,Quality issue,存在差异（货不对板 / 运输或质量瑕疵）,赢,dataset
RG-000137,AMZ-P21556,Electronics · P21556,3C数码,S6,海贸乱发(劣),Amazon,en,US,297.54,2026-07-09,0.634,False,货不对板,Not as described,存在差异（货不对板 / 运输或质量瑕疵）,输,dataset
RG-000138,AMZ-P22439,Electronics · P22439,3C数码,S7,锐捷制造,Amazon,en,US,57.52,2026-01-05,0.883,True,无明显瑕疵,Late delivery,一致（疑似非质量原因，倾向买家责任）,赢,dataset
RG-000139,AMZ-P23231,Home · P23231,小家电,S6,海贸乱发(劣),Amazon,en,US,957.24,2026-07-05,0.881,True,货不对板,Size/fit issue,存在差异（货不对板 / 运输或质量瑕疵）,输,dataset
RG-000140,AMZ-P20393,Electronics · P20393,3C数码,S7,锐捷制造,Amazon,en,US,81.23,2025-11-23,0.893,True,无明显瑕疵,Changed mind,一致（疑似非质量原因，倾向买家责任）,赢,dataset
RG-000141,AMZ-P22407,Toys · P22407,饰品配件,S3,鑫源电子(劣),Amazon,en,US,25.18,2025-04-24,0.909,True,功能故障,Quality issue,存在差异（货不对板 / 运输或质量瑕疵）,输,dataset
RG-000142,AMZ-P21255,Clothing · P21255,服饰鞋包,S6,海贸乱发(劣),Amazon,en,US,622.94,2025-02-11,0.871,True,商品缺件,Missing parts,存在差异（货不对板 / 运输或质量瑕疵）,输,dataset
RG-000143,AMZ-P20902,Beauty · P20902,饰品配件,S7,锐捷制造,Amazon,en,US,101.17,2025-10-28,0.884,True,无明显瑕疵,Late delivery,一致（疑似非质量原因，倾向买家责任）,赢,dataset
RG-000144,AMZ-P21928,Electronics · P21928,3C数码,S6,海贸乱发(劣),Amazon,en,US,130.93,2025-11-15,0.629,False,货不对板,Wrong item,存在差异（货不对板 / 运输或质量瑕疵）,部分退款,dataset
RG-000145,AMZ-P22007,Electronics · P22007,3C数码,S3,鑫源电子(劣),Amazon,en,US,408.37,2026-04-22,0.871,True,外包装破损,Damaged,存在差异（货不对板 / 运输或质量瑕疵）,输,dataset
RG-000146,AMZ-P23683,Clothing · P23683,服饰鞋包,S6,海贸乱发(劣),Amazon,en,US,44.6,2025-02-16,0.643,False,货不对板,Wrong item,存在差异（货不对板 / 运输或质量瑕疵）,部分退款,dataset
RG-000147,AMZ-P23348,Clothing · P23348,服饰鞋包,S6,海贸乱发(劣),Amazon,en,US,152.28,2026-02-16,0.85,True,商品缺件,Missing parts,存在差异（货不对板 / 运输或质量瑕疵）,输,dataset
RG-000148,AMZ-P20820,Electronics · P20820,3C数码,S3,鑫源电子(劣),Amazon,en,US,157.51,2025-05-03,0.844,True,外包装破损,Damaged,存在差异（货不对板 / 运输或质量瑕疵）,输,dataset
RG-000149,AMZ-P21209,Clothing · P21209,服饰鞋包,S7,锐捷制造,Amazon,en,US,30.27,2025-06-06,0.934,True,无明显瑕疵,Late delivery,一致（疑似非质量原因，倾向买家责任）,部分退款,dataset
RG-000150,AMZ-P21927,Electronics · P21927,3C数码,S7,锐捷制造,Amazon,en,US,231.66,2026-02-19,0.919,True,无明显瑕疵,Duplicate order,一致（疑似非质量原因，倾向买家责任）,赢,dataset
RG-000151,AMZ-P22406,Clothing · P22406,服饰鞋包,S6,海贸乱发(劣),Amazon,en,US,412.1,2025-11-28,0.627,False,货不对板,Wrong item,存在差异（货不对板 / 运输或质量瑕疵）,输,dataset
RG-000152,AMZ-P22925,Clothing · P22925,服饰鞋包,S3,鑫源电子(劣),Amazon,en,US,72.9,2025-11-01,0.902,True,外包装破损,Damaged,存在差异（货不对板 / 运输或质量瑕疵）,赢,dataset
RG-000153,AMZ-P20472,Clothing · P20472,服饰鞋包,S7,锐捷制造,Amazon,en,US,98.86,2025-11-07,0.923,True,无明显瑕疵,Changed mind,一致（疑似非质量原因，倾向买家责任）,赢,dataset
RG-000154,AMZ-P22348,Electronics · P22348,3C数码,S6,海贸乱发(劣),Amazon,en,US,88.04,2026-04-20,0.613,False,货不对板,Wrong item,存在差异（货不对板 / 运输或质量瑕疵）,输,dataset
RG-000155,AMZ-P22392,Clothing · P22392,服饰鞋包,S6,海贸乱发(劣),Amazon,en,US,223.0,2025-02-24,0.879,True,商品缺件,Missing parts,存在差异（货不对板 / 运输或质量瑕疵）,输,dataset
RG-000156,AMZ-P23356,Clothing · P23356,服饰鞋包,S7,锐捷制造,Amazon,en,US,31.07,2025-02-03,0.907,True,无明显瑕疵,Changed mind,一致（疑似非质量原因，倾向买家责任）,赢,dataset
RG-000157,AMZ-P21486,Electronics · P21486,3C数码,S7,锐捷制造,Amazon,en,US,174.98,2026-07-22,0.9,True,无明显瑕疵,Changed mind,一致（疑似非质量原因，倾向买家责任）,赢,dataset
RG-000158,AMZ-P23504,Toys · P23504,饰品配件,S7,锐捷制造,Amazon,en,US,108.55,2025-05-20,0.872,True,无明显瑕疵,Changed mind,一致（疑似非质量原因，倾向买家责任）,赢,dataset
RG-000159,AMZ-P23664,Electronics · P23664,3C数码,S7,锐捷制造,Amazon,en,US,539.98,2026-01-25,0.899,True,无明显瑕疵,Changed mind,一致（疑似非质量原因，倾向买家责任）,赢,dataset
RG-000160,AMZ-P22985,Books · P22985,饰品配件,S3,鑫源电子(劣),Amazon,en,US,61.12,2025-05-22,0.882,True,外包装破损,Damaged,存在差异（货不对板 / 运输或质量瑕疵）,输,dataset
RG-000161,AMZ-P23993,Books · P23993,饰品配件,S7,锐捷制造,Amazon,en,US,139.42,2025-09-20,0.911,True,无明显瑕疵,Changed mind,一致（疑似非质量原因，倾向买家责任）,赢,dataset
RG-000162,AMZ-P22574,Sports · P22574,服饰鞋包,S7,锐捷制造,Amazon,en,US,51.89,2025-05-22,0.915,True,无明显瑕疵,Late delivery,一致（疑似非质量原因，倾向买家责任）,赢,dataset
RG-000163,AMZ-P23095,Home · P23095,小家电,S7,锐捷制造,Amazon,en,US,17.57,2025-01-29,0.907,True,无明显瑕疵,Changed mind,一致（疑似非质量原因，倾向买家责任）,赢,dataset
RG-000164,AMZ-P20488,Electronics · P20488,3C数码,S3,鑫源电子(劣),Amazon,en,US,26.85,2026-06-12,0.871,True,外包装破损,Damaged,存在差异（货不对板 / 运输或质量瑕疵）,输,dataset
RG-000165,AMZ-P23136,Beauty · P23136,饰品配件,S7,锐捷制造,Amazon,en,US,403.46,2026-04-20,0.885,True,无明显瑕疵,Late delivery,一致（疑似非质量原因，倾向买家责任）,赢,dataset
RG-000166,AMZ-P20677,Toys · P20677,饰品配件,S7,锐捷制造,Amazon,en,US,37.38,2025-12-08,0.892,True,无明显瑕疵,Duplicate order,一致（疑似非质量原因，倾向买家责任）,部分退款,dataset
RG-000167,AMZ-P23192,Home · P23192,小家电,S6,海贸乱发(劣),Amazon,en,US,67.23,2025-10-21,0.609,False,货不对板,Not as described,存在差异（货不对板 / 运输或质量瑕疵）,部分退款,dataset
RG-000168,AMZ-P23685,Home · P23685,小家电,S6,海贸乱发(劣),Amazon,en,US,123.7,2026-03-10,0.615,False,货不对板,Wrong item,存在差异（货不对板 / 运输或质量瑕疵）,输,dataset
RG-000169,AMZ-P21956,Sports · P21956,服饰鞋包,S6,海贸乱发(劣),Amazon,en,US,41.64,2026-04-23,0.617,False,货不对板,Wrong item,存在差异（货不对板 / 运输或质量瑕疵）,赢,dataset
RG-000170,AMZ-P22713,Home · P22713,小家电,S6,海贸乱发(劣),Amazon,en,US,484.6,2025-11-22,0.85,True,货不对板,Size/fit issue,存在差异（货不对板 / 运输或质量瑕疵）,输,dataset
RG-000171,AMZ-P22908,Electronics · P22908,3C数码,S3,鑫源电子(劣),Amazon,en,US,91.17,2026-04-18,0.864,True,功能故障,Quality issue,存在差异（货不对板 / 运输或质量瑕疵）,输,dataset
RG-000172,AMZ-P22313,Books · P22313,饰品配件,S3,鑫源电子(劣),Amazon,en,US,135.21,2026-03-07,0.886,True,功能故障,Quality issue,存在差异（货不对板 / 运输或质量瑕疵）,部分退款,dataset
RG-000173,AMZ-P21461,Home · P21461,小家电,S6,海贸乱发(劣),Amazon,en,US,177.46,2025-06-17,0.62,False,货不对板,Wrong item,存在差异（货不对板 / 运输或质量瑕疵）,输,dataset
RG-000174,AMZ-P21871,Electronics · P21871,3C数码,S7,锐捷制造,Amazon,en,US,33.3,2025-01-01,0.898,True,无明显瑕疵,Duplicate order,一致（疑似非质量原因，倾向买家责任）,赢,dataset
RG-000175,AMZ-P22348,Electronics · P22348,3C数码,S6,海贸乱发(劣),Amazon,en,US,233.81,2026-03-17,0.662,False,货不对板,Wrong item,存在差异（货不对板 / 运输或质量瑕疵）,输,dataset
RG-000176,AMZ-P22824,Clothing · P22824,服饰鞋包,S6,海贸乱发(劣),Amazon,en,US,407.69,2025-08-26,0.917,True,商品缺件,Missing parts,存在差异（货不对板 / 运输或质量瑕疵）,输,dataset
RG-000177,AMZ-P23766,Electronics · P23766,3C数码,S6,海贸乱发(劣),Amazon,en,US,88.11,2026-02-14,0.663,False,货不对板,Not as described,存在差异（货不对板 / 运输或质量瑕疵）,部分退款,dataset
RG-000178,AMZ-P21604,Beauty · P21604,饰品配件,S3,鑫源电子(劣),Amazon,en,US,381.33,2025-02-05,0.881,True,外包装破损,Damaged,存在差异（货不对板 / 运输或质量瑕疵）,赢,dataset
RG-000179,AMZ-P20711,Home · P20711,小家电,S6,海贸乱发(劣),Amazon,en,US,16.59,2026-05-09,0.835,True,货不对板,Size/fit issue,存在差异（货不对板 / 运输或质量瑕疵）,部分退款,dataset
RG-000180,AMZ-P21677,Clothing · P21677,服饰鞋包,S7,锐捷制造,Amazon,en,US,45.02,2026-04-30,0.943,True,无明显瑕疵,Changed mind,一致（疑似非质量原因，倾向买家责任）,赢,dataset
RG-000181,AMZ-P21438,Electronics · P21438,3C数码,S7,锐捷制造,Amazon,en,US,44.95,2026-08-12,0.92,True,无明显瑕疵,Duplicate order,一致（疑似非质量原因，倾向买家责任）,赢,dataset
RG-000182,AMZ-P23912,Home · P23912,小家电,S7,锐捷制造,Amazon,en,US,170.15,2025-03-30,0.939,True,无明显瑕疵,Late delivery,一致（疑似非质量原因，倾向买家责任）,赢,dataset
RG-000183,AMZ-P21657,Home · P21657,小家电,S6,海贸乱发(劣),Amazon,en,US,281.24,2026-05-01,0.663,False,货不对板,Wrong item,存在差异（货不对板 / 运输或质量瑕疵）,输,dataset
RG-000184,AMZ-P22806,Home · P22806,小家电,S3,鑫源电子(劣),Amazon,en,US,275.53,2025-04-29,0.878,True,外包装破损,Damaged,存在差异（货不对板 / 运输或质量瑕疵）,输,dataset
RG-000185,AMZ-P23545,Toys · P23545,饰品配件,S7,锐捷制造,Amazon,en,US,65.23,2025-07-22,0.883,True,无明显瑕疵,Changed mind,一致（疑似非质量原因，倾向买家责任）,赢,dataset
RG-000186,AMZ-P21739,Books · P21739,饰品配件,S7,锐捷制造,Amazon,en,US,146.61,2025-02-20,0.923,True,无明显瑕疵,Late delivery,一致（疑似非质量原因，倾向买家责任）,输,dataset
RG-000187,AMZ-P21929,Beauty · P21929,饰品配件,S7,锐捷制造,Amazon,en,US,139.75,2025-10-29,0.928,True,无明显瑕疵,Changed mind,一致（疑似非质量原因，倾向买家责任）,赢,dataset
RG-000188,AMZ-P23192,Home · P23192,小家电,S3,鑫源电子(劣),Amazon,en,US,110.51,2026-05-23,0.878,True,功能故障,Quality issue,存在差异（货不对板 / 运输或质量瑕疵）,输,dataset
RG-000189,AMZ-P23957,Clothing · P23957,服饰鞋包,S6,海贸乱发(劣),Amazon,en,US,146.14,2025-01-04,0.845,True,货不对板,Size/fit issue,存在差异（货不对板 / 运输或质量瑕疵）,赢,dataset
RG-000190,AMZ-P20464,Toys · P20464,饰品配件,S6,海贸乱发(劣),Amazon,en,US,283.05,2025-07-12,0.836,True,货不对板,Size/fit issue,存在差异（货不对板 / 运输或质量瑕疵）,输,dataset
RG-000191,AMZ-P21803,Beauty · P21803,饰品配件,S7,锐捷制造,Amazon,en,US,123.62,2026-05-24,0.892,True,无明显瑕疵,Late delivery,一致（疑似非质量原因，倾向买家责任）,部分退款,dataset
RG-000192,AMZ-P20144,Electronics · P20144,3C数码,S7,锐捷制造,Amazon,en,US,223.3,2024-12-24,0.878,True,无明显瑕疵,Late delivery,一致（疑似非质量原因，倾向买家责任）,部分退款,dataset
RG-000193,AMZ-P23504,Home · P23504,小家电,S7,锐捷制造,Amazon,en,US,74.84,2025-05-22,0.918,True,无明显瑕疵,Duplicate order,一致（疑似非质量原因，倾向买家责任）,部分退款,dataset
RG-000194,AMZ-P21781,Electronics · P21781,3C数码,S6,海贸乱发(劣),Amazon,en,US,287.06,2026-01-19,0.63,False,货不对板,Not as described,存在差异（货不对板 / 运输或质量瑕疵）,部分退款,dataset
RG-000195,AMZ-P23005,Electronics · P23005,3C数码,S6,海贸乱发(劣),Amazon,en,US,99.87,2025-12-19,0.888,True,商品缺件,Missing parts,存在差异（货不对板 / 运输或质量瑕疵）,部分退款,dataset
RG-000196,AMZ-P21570,Clothing · P21570,服饰鞋包,S7,锐捷制造,Amazon,en,US,274.41,2025-05-22,0.913,True,无明显瑕疵,Duplicate order,一致（疑似非质量原因，倾向买家责任）,赢,dataset
RG-000197,AMZ-P23759,Clothing · P23759,服饰鞋包,S7,锐捷制造,Amazon,en,US,101.73,2025-08-19,0.908,True,无明显瑕疵,Late delivery,一致（疑似非质量原因，倾向买家责任）,赢,dataset
RG-000198,AMZ-P21808,Electronics · P21808,3C数码,S6,海贸乱发(劣),Amazon,en,US,314.97,2026-06-21,0.655,False,货不对板,Wrong item,存在差异（货不对板 / 运输或质量瑕疵）,输,dataset
RG-000199,AMZ-P23543,Electronics · P23543,3C数码,S3,鑫源电子(劣),Amazon,en,US,73.44,2025-02-22,0.893,True,外包装破损,Damaged,存在差异（货不对板 / 运输或质量瑕疵）,输,dataset
RG-000200,AMZ-P22722,Electronics · P22722,3C数码,S3,鑫源电子(劣),Amazon,en,US,400.29,2025-10-08,0.9,True,功能故障,Quality issue,存在差异（货不对板 / 运输或质量瑕疵）,输,dataset
RG-000201,AMZ-P21443,Home · P21443,小家电,S3,鑫源电子(劣),Amazon,en,US,594.63,2025-03-06,0.878,True,功能故障,Quality issue,存在差异（货不对板 / 运输或质量瑕疵）,部分退款,dataset
RG-000202,AMZ-P21746,Clothing · P21746,服饰鞋包,S6,海贸乱发(劣),Amazon,en,US,202.8,2025-12-15,0.862,True,商品缺件,Missing parts,存在差异（货不对板 / 运输或质量瑕疵）,输,dataset
RG-000203,AMZ-P22603,Books · P22603,饰品配件,S6,海贸乱发(劣),Amazon,en,US,96.02,2026-01-13,0.891,True,商品缺件,Missing parts,存在差异（货不对板 / 运输或质量瑕疵）,输,dataset
RG-000204,AMZ-P20877,Home · P20877,小家电,S7,锐捷制造,Amazon,en,US,13.23,2026-02-26,0.871,True,无明显瑕疵,Changed mind,一致（疑似非质量原因，倾向买家责任）,赢,dataset
RG-000205,AMZ-P20949,Beauty · P20949,饰品配件,S6,海贸乱发(劣),Amazon,en,US,57.91,2025-05-04,0.838,True,货不对板,Size/fit issue,存在差异（货不对板 / 运输或质量瑕疵）,输,dataset
RG-000206,AMZ-P20665,Electronics · P20665,3C数码,S7,锐捷制造,Amazon,en,US,146.42,2025-02-04,0.89,True,无明显瑕疵,Late delivery,一致（疑似非质量原因，倾向买家责任）,赢,dataset
RG-000207,AMZ-P22721,Home · P22721,小家电,S7,锐捷制造,Amazon,en,US,105.56,2026-06-14,0.912,True,无明显瑕疵,Changed mind,一致（疑似非质量原因，倾向买家责任）,赢,dataset
RG-000208,AMZ-P20416,Home · P20416,小家电,S6,海贸乱发(劣),Amazon,en,US,20.95,2025-09-06,0.644,False,货不对板,Wrong item,存在差异（货不对板 / 运输或质量瑕疵）,部分退款,dataset
RG-000209,AMZ-P22267,Electronics · P22267,3C数码,S3,鑫源电子(劣),Amazon,en,US,91.97,2025-04-14,0.86,True,外包装破损,Damaged,存在差异（货不对板 / 运输或质量瑕疵）,输,dataset
RG-000210,AMZ-P20672,Home · P20672,小家电,S6,海贸乱发(劣),Amazon,en,US,81.27,2026-03-14,0.813,False,货不对板,Size/fit issue,存在差异（货不对板 / 运输或质量瑕疵）,输,dataset
RG-000211,AMZ-P20111,Beauty · P20111,饰品配件,S3,鑫源电子(劣),Amazon,en,US,36.83,2026-07-17,0.875,True,功能故障,Quality issue,存在差异（货不对板 / 运输或质量瑕疵）,输,dataset
RG-000212,AMZ-P22352,Home · P22352,小家电,S7,锐捷制造,Amazon,en,US,123.1,2025-02-08,0.874,True,无明显瑕疵,Late delivery,一致（疑似非质量原因，倾向买家责任）,赢,dataset
RG-000213,AMZ-P23913,Clothing · P23913,服饰鞋包,S7,锐捷制造,Amazon,en,US,442.3,2026-07-17,0.969,True,无明显瑕疵,Changed mind,一致（疑似非质量原因，倾向买家责任）,部分退款,dataset
RG-000214,AMZ-P20596,Beauty · P20596,饰品配件,S3,鑫源电子(劣),Amazon,en,US,60.53,2025-05-05,0.873,True,功能故障,Quality issue,存在差异（货不对板 / 运输或质量瑕疵）,部分退款,dataset
RG-000215,AMZ-P21396,Home · P21396,小家电,S3,鑫源电子(劣),Amazon,en,US,214.45,2025-02-05,0.878,True,功能故障,Quality issue,存在差异（货不对板 / 运输或质量瑕疵）,赢,dataset
RG-000216,AMZ-P20094,Clothing · P20094,服饰鞋包,S3,鑫源电子(劣),Amazon,en,US,70.05,2026-01-29,0.916,True,功能故障,Quality issue,存在差异（货不对板 / 运输或质量瑕疵）,赢,dataset
RG-000217,AMZ-P23207,Toys · P23207,饰品配件,S6,海贸乱发(劣),Amazon,en,US,206.13,2026-03-09,0.86,True,商品缺件,Missing parts,存在差异（货不对板 / 运输或质量瑕疵）,赢,dataset
RG-000218,AMZ-P20350,Home · P20350,小家电,S3,鑫源电子(劣),Amazon,en,US,719.44,2026-04-13,0.884,True,功能故障,Quality issue,存在差异（货不对板 / 运输或质量瑕疵）,赢,dataset
RG-000219,AMZ-P22399,Home · P22399,小家电,S7,锐捷制造,Amazon,en,US,91.59,2025-01-12,0.89,True,无明显瑕疵,Duplicate order,一致（疑似非质量原因，倾向买家责任）,赢,dataset
RG-000220,AMZ-P23948,Clothing · P23948,服饰鞋包,S7,锐捷制造,Amazon,en,US,26.03,2025-11-22,0.906,True,无明显瑕疵,Changed mind,一致（疑似非质量原因，倾向买家责任）,赢,dataset
RG-000221,AMZ-P21263,Electronics · P21263,3C数码,S6,海贸乱发(劣),Amazon,en,US,618.14,2025-07-08,0.618,False,货不对板,Not as described,存在差异（货不对板 / 运输或质量瑕疵）,输,dataset
RG-000222,AMZ-P20399,Beauty · P20399,饰品配件,S6,海贸乱发(劣),Amazon,en,US,128.44,2026-06-30,0.642,False,货不对板,Wrong item,存在差异（货不对板 / 运输或质量瑕疵）,输,dataset
RG-000223,AMZ-P23419,Clothing · P23419,服饰鞋包,S7,锐捷制造,Amazon,en,US,80.62,2025-05-28,0.907,True,无明显瑕疵,Late delivery,一致（疑似非质量原因，倾向买家责任）,赢,dataset
RG-000224,AMZ-P22239,Books · P22239,饰品配件,S7,锐捷制造,Amazon,en,US,278.14,2026-01-25,0.894,True,无明显瑕疵,Late delivery,一致（疑似非质量原因，倾向买家责任）,赢,dataset
RG-000225,AMZ-P22330,Electronics · P22330,3C数码,S6,海贸乱发(劣),Amazon,en,US,97.15,2025-01-11,0.654,False,货不对板,Wrong item,存在差异（货不对板 / 运输或质量瑕疵）,输,dataset
RG-000226,AMZ-P22954,Electronics · P22954,3C数码,S3,鑫源电子(劣),Amazon,en,US,45.05,2025-08-08,0.888,True,功能故障,Quality issue,存在差异（货不对板 / 运输或质量瑕疵）,部分退款,dataset
RG-000227,AMZ-P23390,Sports · P23390,服饰鞋包,S6,海贸乱发(劣),Amazon,en,US,80.08,2025-08-25,0.633,False,货不对板,Wrong item,存在差异（货不对板 / 运输或质量瑕疵）,输,dataset
RG-000228,AMZ-P22632,Home · P22632,小家电,S6,海贸乱发(劣),Amazon,en,US,422.19,2025-05-18,0.602,False,货不对板,Not as described,存在差异（货不对板 / 运输或质量瑕疵）,部分退款,dataset
RG-000229,AMZ-P20294,Beauty · P20294,饰品配件,S6,海贸乱发(劣),Amazon,en,US,91.02,2026-05-29,0.86,True,商品缺件,Missing parts,存在差异（货不对板 / 运输或质量瑕疵）,输,dataset
RG-000230,AMZ-P22554,Toys · P22554,饰品配件,S7,锐捷制造,Amazon,en,US,191.93,2025-05-24,0.932,True,无明显瑕疵,Changed mind,一致（疑似非质量原因，倾向买家责任）,赢,dataset
RG-000231,AMZ-P23604,Sports · P23604,服饰鞋包,S6,海贸乱发(劣),Amazon,en,US,166.68,2026-03-31,0.896,True,商品缺件,Missing parts,存在差异（货不对板 / 运输或质量瑕疵）,赢,dataset
RG-000232,AMZ-P20027,Clothing · P20027,服饰鞋包,S7,锐捷制造,Amazon,en,US,177.18,2026-03-06,0.928,True,无明显瑕疵,Changed mind,一致（疑似非质量原因，倾向买家责任）,赢,dataset
RG-000233,AMZ-P21013,Home · P21013,小家电,S7,锐捷制造,Amazon,en,US,759.13,2026-05-28,0.915,True,无明显瑕疵,Changed mind,一致（疑似非质量原因，倾向买家责任）,赢,dataset
RG-000234,AMZ-P21198,Electronics · P21198,3C数码,S6,海贸乱发(劣),Amazon,en,US,152.56,2025-09-13,0.634,False,货不对板,Not as described,存在差异（货不对板 / 运输或质量瑕疵）,输,dataset
RG-000235,AMZ-P23531,Sports · P23531,服饰鞋包,S3,鑫源电子(劣),Amazon,en,US,75.72,2026-08-15,0.854,True,外包装破损,Damaged,存在差异（货不对板 / 运输或质量瑕疵）,输,dataset
RG-000236,AMZ-P20576,Clothing · P20576,服饰鞋包,S7,锐捷制造,Amazon,en,US,129.58,2025-02-10,0.932,True,无明显瑕疵,Changed mind,一致（疑似非质量原因，倾向买家责任）,赢,dataset
RG-000237,AMZ-P21278,Sports · P21278,服饰鞋包,S7,锐捷制造,Amazon,en,US,251.3,2025-05-18,0.881,True,无明显瑕疵,Late delivery,一致（疑似非质量原因，倾向买家责任）,赢,dataset
RG-000238,AMZ-P21671,Clothing · P21671,服饰鞋包,S3,鑫源电子(劣),Amazon,en,US,89.16,2026-07-28,0.888,True,功能故障,Quality issue,存在差异（货不对板 / 运输或质量瑕疵）,输,dataset
RG-000239,AMZ-P23759,Electronics · P23759,3C数码,S3,鑫源电子(劣),Amazon,en,US,82.68,2025-10-23,0.863,True,功能故障,Quality issue,存在差异（货不对板 / 运输或质量瑕疵）,赢,dataset
RG-000240,AMZ-P21078,Electronics · P21078,3C数码,S7,锐捷制造,Amazon,en,US,26.65,2026-03-27,0.884,True,无明显瑕疵,Late delivery,一致（疑似非质量原因，倾向买家责任）,赢,dataset
RG-000241,AMZ-P23962,Electronics · P23962,3C数码,S3,鑫源电子(劣),Amazon,en,US,171.4,2026-07-22,0.902,True,功能故障,Quality issue,存在差异（货不对板 / 运输或质量瑕疵）,输,dataset
RG-000242,AMZ-P23279,Electronics · P23279,3C数码,S6,海贸乱发(劣),Amazon,en,US,215.28,2025-06-08,0.626,False,货不对板,Not as described,存在差异（货不对板 / 运输或质量瑕疵）,输,dataset
RG-000243,AMZ-P23488,Clothing · P23488,服饰鞋包,S3,鑫源电子(劣),Amazon,en,US,8.27,2026-02-12,0.894,True,外包装破损,Damaged,存在差异（货不对板 / 运输或质量瑕疵）,输,dataset
RG-000244,AMZ-P23312,Home · P23312,小家电,S6,海贸乱发(劣),Amazon,en,US,141.96,2026-08-14,0.642,False,货不对板,Not as described,存在差异（货不对板 / 运输或质量瑕疵）,赢,dataset
RG-000245,AMZ-P23233,Toys · P23233,饰品配件,S7,锐捷制造,Amazon,en,US,175.45,2025-09-28,0.922,True,无明显瑕疵,Duplicate order,一致（疑似非质量原因，倾向买家责任）,赢,dataset
RG-000246,AMZ-P20836,Electronics · P20836,3C数码,S7,锐捷制造,Amazon,en,US,88.07,2025-08-27,0.921,True,无明显瑕疵,Changed mind,一致（疑似非质量原因，倾向买家责任）,赢,dataset
RG-000247,AMZ-P22876,Beauty · P22876,饰品配件,S6,海贸乱发(劣),Amazon,en,US,94.95,2026-02-09,0.88,True,商品缺件,Missing parts,存在差异（货不对板 / 运输或质量瑕疵）,输,dataset
RG-000248,AMZ-P23273,Clothing · P23273,服饰鞋包,S3,鑫源电子(劣),Amazon,en,US,115.78,2026-01-07,0.892,True,功能故障,Quality issue,存在差异（货不对板 / 运输或质量瑕疵）,输,dataset
RG-000249,AMZ-P20559,Home · P20559,小家电,S6,海贸乱发(劣),Amazon,en,US,70.41,2026-02-22,0.604,False,货不对板,Not as described,存在差异（货不对板 / 运输或质量瑕疵）,输,dataset
RG-000250,AMZ-P22944,Home · P22944,小家电,S3,鑫源电子(劣),Amazon,en,US,30.47,2025-01-20,0.896,True,功能故障,Quality issue,存在差异（货不对板 / 运输或质量瑕疵）,输,dataset
RG-000251,AMZ-P20389,Home · P20389,小家电,S6,海贸乱发(劣),Amazon,en,US,198.72,2026-03-08,0.827,True,货不对板,Size/fit issue,存在差异（货不对板 / 运输或质量瑕疵）,赢,dataset
RG-000252,AMZ-P20819,Home · P20819,小家电,S6,海贸乱发(劣),Amazon,en,US,685.52,2026-07-16,0.613,False,货不对板,Wrong item,存在差异（货不对板 / 运输或质量瑕疵）,部分退款,dataset
RG-000253,AMZ-P20869,Home · P20869,小家电,S6,海贸乱发(劣),Amazon,en,US,119.12,2025-07-08,0.856,True,货不对板,Size/fit issue,存在差异（货不对板 / 运输或质量瑕疵）,输,dataset
RG-000254,AMZ-P22322,Electronics · P22322,3C数码,S6,海贸乱发(劣),Amazon,en,US,51.7,2025-10-20,0.896,True,商品缺件,Missing parts,存在差异（货不对板 / 运输或质量瑕疵）,输,dataset
RG-000255,AMZ-P22113,Toys · P22113,饰品配件,S7,锐捷制造,Amazon,en,US,59.03,2026-04-18,0.926,True,无明显瑕疵,Duplicate order,一致（疑似非质量原因，倾向买家责任）,部分退款,dataset
RG-000256,AMZ-P23334,Electronics · P23334,3C数码,S6,海贸乱发(劣),Amazon,en,US,686.63,2025-02-01,0.846,True,货不对板,Size/fit issue,存在差异（货不对板 / 运输或质量瑕疵）,赢,dataset
RG-000257,AMZ-P21910,Toys · P21910,饰品配件,S7,锐捷制造,Amazon,en,US,204.0,2025-02-02,0.88,True,无明显瑕疵,Late delivery,一致（疑似非质量原因，倾向买家责任）,赢,dataset
RG-000258,AMZ-P22954,Electronics · P22954,3C数码,S6,海贸乱发(劣),Amazon,en,US,17.9,2026-05-06,0.658,False,货不对板,Not as described,存在差异（货不对板 / 运输或质量瑕疵）,赢,dataset
RG-000259,AMZ-P20081,Home · P20081,小家电,S6,海贸乱发(劣),Amazon,en,US,24.45,2025-01-14,0.653,False,货不对板,Wrong item,存在差异（货不对板 / 运输或质量瑕疵）,输,dataset
RG-000260,AMZ-P21627,Clothing · P21627,服饰鞋包,S6,海贸乱发(劣),Amazon,en,US,164.89,2025-09-06,0.874,True,货不对板,Size/fit issue,存在差异（货不对板 / 运输或质量瑕疵）,部分退款,dataset
RG-000261,AMZ-P20233,Clothing · P20233,服饰鞋包,S3,鑫源电子(劣),Amazon,en,US,91.38,2026-06-03,0.895,True,功能故障,Quality issue,存在差异（货不对板 / 运输或质量瑕疵）,输,dataset
RG-000262,AMZ-P20420,Clothing · P20420,服饰鞋包,S6,海贸乱发(劣),Amazon,en,US,38.74,2026-01-15,0.879,True,商品缺件,Missing parts,存在差异（货不对板 / 运输或质量瑕疵）,赢,dataset
RG-000263,AMZ-P23215,Electronics · P23215,3C数码,S6,海贸乱发(劣),Amazon,en,US,258.74,2025-08-16,0.668,False,货不对板,Wrong item,存在差异（货不对板 / 运输或质量瑕疵）,输,dataset
RG-000264,AMZ-P20803,Sports · P20803,服饰鞋包,S7,锐捷制造,Amazon,en,US,106.88,2025-01-24,0.877,True,无明显瑕疵,Changed mind,一致（疑似非质量原因，倾向买家责任）,赢,dataset
RG-000265,AMZ-P20661,Electronics · P20661,3C数码,S3,鑫源电子(劣),Amazon,en,US,21.43,2026-02-12,0.908,True,外包装破损,Damaged,存在差异（货不对板 / 运输或质量瑕疵）,输,dataset
RG-000266,AMZ-P21607,Books · P21607,饰品配件,S6,海贸乱发(劣),Amazon,en,US,50.96,2026-05-29,0.642,False,货不对板,Wrong item,存在差异（货不对板 / 运输或质量瑕疵）,输,dataset
RG-000267,AMZ-P21901,Sports · P21901,服饰鞋包,S6,海贸乱发(劣),Amazon,en,US,344.18,2025-12-17,0.652,False,货不对板,Not as described,存在差异（货不对板 / 运输或质量瑕疵）,输,dataset
RG-000268,AMZ-P23696,Electronics · P23696,3C数码,S7,锐捷制造,Amazon,en,US,100.72,2025-10-13,0.926,True,无明显瑕疵,Duplicate order,一致（疑似非质量原因，倾向买家责任）,部分退款,dataset
RG-000269,AMZ-P23432,Home · P23432,小家电,S3,鑫源电子(劣),Amazon,en,US,15.4,2025-10-18,0.895,True,外包装破损,Damaged,存在差异（货不对板 / 运输或质量瑕疵）,赢,dataset
RG-000270,AMZ-P20450,Toys · P20450,饰品配件,S7,锐捷制造,Amazon,en,US,106.95,2026-04-15,0.917,True,无明显瑕疵,Changed mind,一致（疑似非质量原因，倾向买家责任）,赢,dataset
RG-000271,AMZ-P22925,Toys · P22925,饰品配件,S6,海贸乱发(劣),Amazon,en,US,74.48,2025-05-28,0.871,True,货不对板,Size/fit issue,存在差异（货不对板 / 运输或质量瑕疵）,部分退款,dataset
RG-000272,AMZ-P20697,Sports · P20697,服饰鞋包,S7,锐捷制造,Amazon,en,US,105.92,2025-05-21,0.896,True,无明显瑕疵,Late delivery,一致（疑似非质量原因，倾向买家责任）,赢,dataset
RG-000273,AMZ-P22324,Clothing · P22324,服饰鞋包,S6,海贸乱发(劣),Amazon,en,US,98.6,2025-08-04,0.858,True,货不对板,Size/fit issue,存在差异（货不对板 / 运输或质量瑕疵）,输,dataset
RG-000274,AMZ-P21772,Home · P21772,小家电,S3,鑫源电子(劣),Amazon,en,US,104.99,2026-03-30,0.855,True,功能故障,Quality issue,存在差异（货不对板 / 运输或质量瑕疵）,部分退款,dataset
RG-000275,AMZ-P23654,Home · P23654,小家电,S6,海贸乱发(劣),Amazon,en,US,157.21,2025-03-24,0.63,False,货不对板,Wrong item,存在差异（货不对板 / 运输或质量瑕疵）,输,dataset
RG-000276,AMZ-P21439,Home · P21439,小家电,S6,海贸乱发(劣),Amazon,en,US,193.58,2025-06-29,0.883,True,商品缺件,Missing parts,存在差异（货不对板 / 运输或质量瑕疵）,输,dataset
RG-000277,AMZ-P23762,Toys · P23762,饰品配件,S6,海贸乱发(劣),Amazon,en,US,32.92,2024-12-28,0.886,True,商品缺件,Missing parts,存在差异（货不对板 / 运输或质量瑕疵）,输,dataset
RG-000278,AMZ-P20813,Clothing · P20813,服饰鞋包,S7,锐捷制造,Amazon,en,US,40.98,2025-05-18,0.93,True,无明显瑕疵,Changed mind,一致（疑似非质量原因，倾向买家责任）,赢,dataset
RG-000279,AMZ-P22263,Home · P22263,小家电,S6,海贸乱发(劣),Amazon,en,US,90.03,2025-06-14,0.651,False,货不对板,Wrong item,存在差异（货不对板 / 运输或质量瑕疵）,赢,dataset
RG-000280,AMZ-P23945,Clothing · P23945,服饰鞋包,S3,鑫源电子(劣),Amazon,en,US,59.6,2025-04-21,0.879,True,功能故障,Quality issue,存在差异（货不对板 / 运输或质量瑕疵）,输,dataset
RG-000281,AMZ-P22078,Home · P22078,小家电,S6,海贸乱发(劣),Amazon,en,US,101.2,2025-03-22,0.846,True,货不对板,Size/fit issue,存在差异（货不对板 / 运输或质量瑕疵）,输,dataset
RG-000282,AMZ-P23528,Beauty · P23528,饰品配件,S7,锐捷制造,Amazon,en,US,130.73,2026-07-11,0.93,True,无明显瑕疵,Late delivery,一致（疑似非质量原因，倾向买家责任）,赢,dataset
RG-000283,AMZ-P20860,Clothing · P20860,服饰鞋包,S3,鑫源电子(劣),Amazon,en,US,72.62,2026-04-26,0.864,True,功能故障,Quality issue,存在差异（货不对板 / 运输或质量瑕疵）,赢,dataset
RG-000284,AMZ-P23997,Clothing · P23997,服饰鞋包,S7,锐捷制造,Amazon,en,US,86.7,2026-01-23,0.909,True,无明显瑕疵,Changed mind,一致（疑似非质量原因，倾向买家责任）,赢,dataset
RG-000285,AMZ-P20982,Home · P20982,小家电,S6,海贸乱发(劣),Amazon,en,US,70.97,2026-08-13,0.604,False,货不对板,Wrong item,存在差异（货不对板 / 运输或质量瑕疵）,输,dataset
RG-000286,AMZ-P21548,Home · P21548,小家电,S6,海贸乱发(劣),Amazon,en,US,103.57,2026-07-25,0.666,False,货不对板,Wrong item,存在差异（货不对板 / 运输或质量瑕疵）,赢,dataset
RG-000287,AMZ-P23664,Home · P23664,小家电,S6,海贸乱发(劣),Amazon,en,US,51.5,2025-06-30,0.613,False,货不对板,Wrong item,存在差异（货不对板 / 运输或质量瑕疵）,输,dataset
RG-000288,AMZ-P21208,Toys · P21208,饰品配件,S7,锐捷制造,Amazon,en,US,110.03,2025-08-10,0.925,True,无明显瑕疵,Duplicate order,一致（疑似非质量原因，倾向买家责任）,赢,dataset
RG-000289,AMZ-P22235,Toys · P22235,饰品配件,S7,锐捷制造,Amazon,en,US,430.65,2025-04-13,0.887,True,无明显瑕疵,Late delivery,一致（疑似非质量原因，倾向买家责任）,赢,dataset
RG-000290,AMZ-P22279,Sports · P22279,服饰鞋包,S3,鑫源电子(劣),Amazon,en,US,83.95,2025-12-08,0.882,True,功能故障,Quality issue,存在差异（货不对板 / 运输或质量瑕疵）,部分退款,dataset
RG-000291,AMZ-P23449,Clothing · P23449,服饰鞋包,S6,海贸乱发(劣),Amazon,en,US,191.32,2025-03-02,0.623,False,货不对板,Not as described,存在差异（货不对板 / 运输或质量瑕疵）,部分退款,dataset
RG-000292,AMZ-P21039,Electronics · P21039,3C数码,S6,海贸乱发(劣),Amazon,en,US,35.33,2025-10-04,0.63,False,货不对板,Not as described,存在差异（货不对板 / 运输或质量瑕疵）,赢,dataset
RG-000293,AMZ-P20265,Beauty · P20265,饰品配件,S7,锐捷制造,Amazon,en,US,23.59,2026-06-30,0.902,True,无明显瑕疵,Late delivery,一致（疑似非质量原因，倾向买家责任）,部分退款,dataset
RG-000294,AMZ-P21771,Clothing · P21771,服饰鞋包,S3,鑫源电子(劣),Amazon,en,US,339.08,2025-06-14,0.888,True,外包装破损,Damaged,存在差异（货不对板 / 运输或质量瑕疵）,输,dataset
RG-000295,AMZ-P21630,Clothing · P21630,服饰鞋包,S6,海贸乱发(劣),Amazon,en,US,188.96,2026-02-12,0.857,True,货不对板,Size/fit issue,存在差异（货不对板 / 运输或质量瑕疵）,输,dataset
RG-000296,AMZ-P21002,Sports · P21002,服饰鞋包,S3,鑫源电子(劣),Amazon,en,US,329.74,2025-07-24,0.899,True,功能故障,Quality issue,存在差异（货不对板 / 运输或质量瑕疵）,输,dataset
RG-000297,AMZ-P23546,Clothing · P23546,服饰鞋包,S3,鑫源电子(劣),Amazon,en,US,463.77,2025-01-08,0.905,True,外包装破损,Damaged,存在差异（货不对板 / 运输或质量瑕疵）,赢,dataset
RG-000298,AMZ-P20305,Home · P20305,小家电,S3,鑫源电子(劣),Amazon,en,US,109.35,2026-06-07,0.892,True,功能故障,Quality issue,存在差异（货不对板 / 运输或质量瑕疵）,输,dataset
RG-000299,AMZ-P22721,Beauty · P22721,饰品配件,S7,锐捷制造,Amazon,en,US,73.38,2025-12-27,0.919,True,无明显瑕疵,Changed mind,一致（疑似非质量原因，倾向买家责任）,输,dataset
RG-000300,AMZ-P22336,Home · P22336,小家电,S6,海贸乱发(劣),Amazon,en,US,75.59,2025-02-16,0.64,False,货不对板,Not as described,存在差异（货不对板 / 运输或质量瑕疵）,输,dataset
RG-000301,AMZ-P22574,Electronics · P22574,3C数码,S3,鑫源电子(劣),Amazon,en,US,18.47,2025-10-13,0.85,True,外包装破损,Damaged,存在差异（货不对板 / 运输或质量瑕疵）,输,dataset
RG-000302,AMZ-P20667,Home · P20667,小家电,S6,海贸乱发(劣),Amazon,en,US,74.46,2026-02-19,0.633,False,货不对板,Not as described,存在差异（货不对板 / 运输或质量瑕疵）,部分退款,dataset
RG-000303,AMZ-P22302,Toys · P22302,饰品配件,S6,海贸乱发(劣),Amazon,en,US,82.29,2026-02-20,0.879,True,商品缺件,Missing parts,存在差异（货不对板 / 运输或质量瑕疵）,赢,dataset
RG-000304,AMZ-P20277,Electronics · P20277,3C数码,S6,海贸乱发(劣),Amazon,en,US,860.37,2025-06-16,0.839,True,货不对板,Size/fit issue,存在差异（货不对板 / 运输或质量瑕疵）,赢,dataset
RG-000305,AMZ-P22457,Home · P22457,小家电,S3,鑫源电子(劣),Amazon,en,US,120.82,2026-05-05,0.862,True,功能故障,Quality issue,存在差异（货不对板 / 运输或质量瑕疵）,输,dataset
RG-000306,AMZ-P20214,Home · P20214,小家电,S6,海贸乱发(劣),Amazon,en,US,39.38,2025-07-03,0.825,True,货不对板,Size/fit issue,存在差异（货不对板 / 运输或质量瑕疵）,输,dataset
RG-000307,AMZ-P21939,Electronics · P21939,3C数码,S7,锐捷制造,Amazon,en,US,39.46,2026-04-14,0.93,True,无明显瑕疵,Changed mind,一致（疑似非质量原因，倾向买家责任）,部分退款,dataset
RG-000308,AMZ-P22373,Home · P22373,小家电,S7,锐捷制造,Amazon,en,US,39.12,2025-08-07,0.912,True,无明显瑕疵,Duplicate order,一致（疑似非质量原因，倾向买家责任）,赢,dataset
RG-000309,AMZ-P22761,Toys · P22761,饰品配件,S7,锐捷制造,Amazon,en,US,119.51,2026-07-21,0.878,True,无明显瑕疵,Duplicate order,一致（疑似非质量原因，倾向买家责任）,部分退款,dataset
RG-000310,AMZ-P20650,Home · P20650,小家电,S7,锐捷制造,Amazon,en,US,66.32,2025-09-22,0.896,True,无明显瑕疵,Changed mind,一致（疑似非质量原因，倾向买家责任）,赢,dataset
RG-000311,AMZ-P23839,Home · P23839,小家电,S6,海贸乱发(劣),Amazon,en,US,166.61,2026-02-13,0.664,False,货不对板,Wrong item,存在差异（货不对板 / 运输或质量瑕疵）,赢,dataset
RG-000312,AMZ-P22676,Clothing · P22676,服饰鞋包,S7,锐捷制造,Amazon,en,US,95.52,2025-08-19,0.943,True,无明显瑕疵,Duplicate order,一致（疑似非质量原因，倾向买家责任）,赢,dataset
RG-000313,AMZ-P23309,Electronics · P23309,3C数码,S3,鑫源电子(劣),Amazon,en,US,230.28,2026-01-28,0.868,True,功能故障,Quality issue,存在差异（货不对板 / 运输或质量瑕疵）,赢,dataset
RG-000314,AMZ-P23906,Electronics · P23906,3C数码,S3,鑫源电子(劣),Amazon,en,US,85.77,2026-01-20,0.897,True,功能故障,Quality issue,存在差异（货不对板 / 运输或质量瑕疵）,输,dataset
RG-000315,AMZ-P23817,Home · P23817,小家电,S7,锐捷制造,Amazon,en,US,272.9,2025-03-15,0.889,True,无明显瑕疵,Changed mind,一致（疑似非质量原因，倾向买家责任）,赢,dataset
RG-000316,AMZ-P22349,Home · P22349,小家电,S3,鑫源电子(劣),Amazon,en,US,238.77,2025-10-12,0.891,True,外包装破损,Damaged,存在差异（货不对板 / 运输或质量瑕疵）,赢,dataset
RG-000317,AMZ-P20132,Books · P20132,饰品配件,S6,海贸乱发(劣),Amazon,en,US,117.08,2026-02-21,0.642,False,货不对板,Not as described,存在差异（货不对板 / 运输或质量瑕疵）,赢,dataset
RG-000318,AMZ-P22076,Home · P22076,小家电,S7,锐捷制造,Amazon,en,US,153.16,2025-06-10,0.918,True,无明显瑕疵,Late delivery,一致（疑似非质量原因，倾向买家责任）,部分退款,dataset
RG-000319,AMZ-P21009,Clothing · P21009,服饰鞋包,S6,海贸乱发(劣),Amazon,en,US,245.24,2026-04-13,0.625,False,货不对板,Not as described,存在差异（货不对板 / 运输或质量瑕疵）,输,dataset
RG-000320,AMZ-P22133,Electronics · P22133,3C数码,S6,海贸乱发(劣),Amazon,en,US,27.78,2026-05-10,0.648,False,货不对板,Wrong item,存在差异（货不对板 / 运输或质量瑕疵）,输,dataset
RG-000321,AMZ-P22125,Clothing · P22125,服饰鞋包,S7,锐捷制造,Amazon,en,US,226.65,2025-05-13,0.922,True,无明显瑕疵,Changed mind,一致（疑似非质量原因，倾向买家责任）,输,dataset
RG-000322,AMZ-P23193,Home · P23193,小家电,S7,锐捷制造,Amazon,en,US,70.72,2025-08-09,0.927,True,无明显瑕疵,Changed mind,一致（疑似非质量原因，倾向买家责任）,赢,dataset
RG-000323,AMZ-P20491,Toys · P20491,饰品配件,S3,鑫源电子(劣),Amazon,en,US,254.32,2026-04-27,0.846,True,功能故障,Quality issue,存在差异（货不对板 / 运输或质量瑕疵）,输,dataset
RG-000324,AMZ-P20117,Beauty · P20117,饰品配件,S6,海贸乱发(劣),Amazon,en,US,143.89,2025-01-06,0.658,False,货不对板,Wrong item,存在差异（货不对板 / 运输或质量瑕疵）,输,dataset
RG-000325,AMZ-P23536,Home · P23536,小家电,S6,海贸乱发(劣),Amazon,en,US,284.85,2025-09-06,0.614,False,货不对板,Wrong item,存在差异（货不对板 / 运输或质量瑕疵）,赢,dataset
RG-000326,AMZ-P20705,Home · P20705,小家电,S7,锐捷制造,Amazon,en,US,20.55,2025-02-17,0.931,True,无明显瑕疵,Changed mind,一致（疑似非质量原因，倾向买家责任）,赢,dataset
RG-000327,AMZ-P21326,Electronics · P21326,3C数码,S3,鑫源电子(劣),Amazon,en,US,45.01,2025-04-06,0.848,True,外包装破损,Damaged,存在差异（货不对板 / 运输或质量瑕疵）,部分退款,dataset
RG-000328,AMZ-P23730,Electronics · P23730,3C数码,S6,海贸乱发(劣),Amazon,en,US,306.83,2025-04-11,0.883,True,商品缺件,Missing parts,存在差异（货不对板 / 运输或质量瑕疵）,赢,dataset
RG-000329,AMZ-P23576,Books · P23576,饰品配件,S7,锐捷制造,Amazon,en,US,236.13,2025-06-28,0.923,True,无明显瑕疵,Changed mind,一致（疑似非质量原因，倾向买家责任）,输,dataset
RG-000330,AMZ-P20504,Toys · P20504,饰品配件,S3,鑫源电子(劣),Amazon,en,US,185.28,2025-03-13,0.887,True,功能故障,Quality issue,存在差异（货不对板 / 运输或质量瑕疵）,输,dataset
RG-000331,AMZ-P23242,Electronics · P23242,3C数码,S6,海贸乱发(劣),Amazon,en,US,60.9,2025-08-06,0.841,True,货不对板,Size/fit issue,存在差异（货不对板 / 运输或质量瑕疵）,输,dataset
RG-000332,AMZ-P21484,Toys · P21484,饰品配件,S6,海贸乱发(劣),Amazon,en,US,277.42,2025-08-16,0.836,True,货不对板,Size/fit issue,存在差异（货不对板 / 运输或质量瑕疵）,输,dataset
RG-000333,AMZ-P20948,Home · P20948,小家电,S6,海贸乱发(劣),Amazon,en,US,43.08,2025-06-26,0.652,False,货不对板,Wrong item,存在差异（货不对板 / 运输或质量瑕疵）,输,dataset
RG-000334,AMZ-P20188,Toys · P20188,饰品配件,S7,锐捷制造,Amazon,en,US,110.54,2026-02-06,0.874,True,无明显瑕疵,Changed mind,一致（疑似非质量原因，倾向买家责任）,赢,dataset
RG-000335,AMZ-P21626,Toys · P21626,饰品配件,S7,锐捷制造,Amazon,en,US,51.36,2025-01-07,0.899,True,无明显瑕疵,Duplicate order,一致（疑似非质量原因，倾向买家责任）,部分退款,dataset
RG-000336,AMZ-P20771,Books · P20771,饰品配件,S6,海贸乱发(劣),Amazon,en,US,216.95,2025-01-27,0.637,False,货不对板,Wrong item,存在差异（货不对板 / 运输或质量瑕疵）,输,dataset
RG-000337,AMZ-P22544,Clothing · P22544,服饰鞋包,S3,鑫源电子(劣),Amazon,en,US,167.44,2025-05-12,0.937,True,功能故障,Quality issue,存在差异（货不对板 / 运输或质量瑕疵）,输,dataset
RG-000338,AMZ-P20874,Electronics · P20874,3C数码,S6,海贸乱发(劣),Amazon,en,US,173.53,2026-08-10,0.85,True,货不对板,Size/fit issue,存在差异（货不对板 / 运输或质量瑕疵）,部分退款,dataset
RG-000339,AMZ-P21094,Clothing · P21094,服饰鞋包,S3,鑫源电子(劣),Amazon,en,US,21.78,2025-07-25,0.882,True,外包装破损,Damaged,存在差异（货不对板 / 运输或质量瑕疵）,输,dataset
RG-000340,AMZ-P23894,Electronics · P23894,3C数码,S6,海贸乱发(劣),Amazon,en,US,84.68,2025-09-01,0.615,False,货不对板,Not as described,存在差异（货不对板 / 运输或质量瑕疵）,输,dataset
RG-000341,AMZ-P20339,Sports · P20339,服饰鞋包,S6,海贸乱发(劣),Amazon,en,US,97.05,2025-07-01,0.628,False,货不对板,Wrong item,存在差异（货不对板 / 运输或质量瑕疵）,部分退款,dataset
RG-000342,AMZ-P21925,Electronics · P21925,3C数码,S3,鑫源电子(劣),Amazon,en,US,246.9,2025-02-08,0.847,True,外包装破损,Damaged,存在差异（货不对板 / 运输或质量瑕疵）,输,dataset
RG-000343,AMZ-P20470,Home · P20470,小家电,S6,海贸乱发(劣),Amazon,en,US,117.53,2026-01-22,0.62,False,货不对板,Wrong item,存在差异（货不对板 / 运输或质量瑕疵）,赢,dataset
RG-000344,AMZ-P23261,Toys · P23261,饰品配件,S6,海贸乱发(劣),Amazon,en,US,215.37,2026-07-17,0.864,True,货不对板,Size/fit issue,存在差异（货不对板 / 运输或质量瑕疵）,输,dataset
RG-000345,AMZ-P22689,Electronics · P22689,3C数码,S3,鑫源电子(劣),Amazon,en,US,422.05,2025-05-17,0.903,True,功能故障,Quality issue,存在差异（货不对板 / 运输或质量瑕疵）,输,dataset
RG-000346,AMZ-P21396,Toys · P21396,饰品配件,S3,鑫源电子(劣),Amazon,en,US,134.2,2026-04-23,0.873,True,功能故障,Quality issue,存在差异（货不对板 / 运输或质量瑕疵）,输,dataset
RG-000347,AMZ-P22357,Electronics · P22357,3C数码,S7,锐捷制造,Amazon,en,US,170.19,2026-07-07,0.92,True,无明显瑕疵,Duplicate order,一致（疑似非质量原因，倾向买家责任）,赢,dataset
RG-000348,AMZ-P20384,Clothing · P20384,服饰鞋包,S3,鑫源电子(劣),Amazon,en,US,75.38,2025-11-09,0.854,True,外包装破损,Damaged,存在差异（货不对板 / 运输或质量瑕疵）,部分退款,dataset
RG-000349,AMZ-P21257,Clothing · P21257,服饰鞋包,S7,锐捷制造,Amazon,en,US,36.72,2026-08-02,0.933,True,无明显瑕疵,Late delivery,一致（疑似非质量原因，倾向买家责任）,部分退款,dataset
RG-000350,AMZ-P23092,Home · P23092,小家电,S7,锐捷制造,Amazon,en,US,139.97,2026-01-21,0.911,True,无明显瑕疵,Changed mind,一致（疑似非质量原因，倾向买家责任）,部分退款,dataset
RG-000351,AMZ-P23689,Clothing · P23689,服饰鞋包,S6,海贸乱发(劣),Amazon,en,US,18.81,2025-02-02,0.606,False,货不对板,Wrong item,存在差异（货不对板 / 运输或质量瑕疵）,输,dataset
RG-000352,AMZ-P20204,Beauty · P20204,饰品配件,S6,海贸乱发(劣),Amazon,en,US,427.4,2025-08-26,0.623,False,货不对板,Not as described,存在差异（货不对板 / 运输或质量瑕疵）,赢,dataset
RG-000353,AMZ-P20427,Electronics · P20427,3C数码,S6,海贸乱发(劣),Amazon,en,US,17.9,2025-03-30,0.908,True,商品缺件,Missing parts,存在差异（货不对板 / 运输或质量瑕疵）,输,dataset
RG-000354,AMZ-P20622,Electronics · P20622,3C数码,S3,鑫源电子(劣),Amazon,en,US,323.08,2026-01-29,0.889,True,外包装破损,Damaged,存在差异（货不对板 / 运输或质量瑕疵）,部分退款,dataset
RG-000355,AMZ-P23397,Home · P23397,小家电,S6,海贸乱发(劣),Amazon,en,US,180.44,2025-01-23,0.665,False,货不对板,Wrong item,存在差异（货不对板 / 运输或质量瑕疵）,部分退款,dataset
RG-000356,AMZ-P20271,Clothing · P20271,服饰鞋包,S6,海贸乱发(劣),Amazon,en,US,147.23,2025-01-03,0.874,True,商品缺件,Missing parts,存在差异（货不对板 / 运输或质量瑕疵）,输,dataset
RG-000357,AMZ-P20633,Toys · P20633,饰品配件,S6,海贸乱发(劣),Amazon,en,US,118.76,2025-10-30,0.667,False,货不对板,Wrong item,存在差异（货不对板 / 运输或质量瑕疵）,输,dataset
RG-000358,AMZ-P22374,Toys · P22374,饰品配件,S7,锐捷制造,Amazon,en,US,372.96,2026-01-18,0.934,True,无明显瑕疵,Changed mind,一致（疑似非质量原因，倾向买家责任）,赢,dataset
RG-000359,AMZ-P21120,Books · P21120,饰品配件,S6,海贸乱发(劣),Amazon,en,US,211.62,2026-04-03,0.875,True,商品缺件,Missing parts,存在差异（货不对板 / 运输或质量瑕疵）,部分退款,dataset
RG-000360,AMZ-P21481,Sports · P21481,服饰鞋包,S6,海贸乱发(劣),Amazon,en,US,306.31,2026-05-05,0.815,False,货不对板,Size/fit issue,存在差异（货不对板 / 运输或质量瑕疵）,部分退款,dataset
RG-000361,AMZ-P20975,Electronics · P20975,3C数码,S6,海贸乱发(劣),Amazon,en,US,157.72,2025-06-03,0.625,False,货不对板,Wrong item,存在差异（货不对板 / 运输或质量瑕疵）,输,dataset
RG-000362,AMZ-P20879,Toys · P20879,饰品配件,S6,海贸乱发(劣),Amazon,en,US,209.5,2025-09-01,0.624,False,货不对板,Wrong item,存在差异（货不对板 / 运输或质量瑕疵）,赢,dataset
RG-000363,AMZ-P21277,Beauty · P21277,饰品配件,S3,鑫源电子(劣),Amazon,en,US,236.07,2025-05-08,0.879,True,功能故障,Quality issue,存在差异（货不对板 / 运输或质量瑕疵）,输,dataset
RG-000364,AMZ-P23914,Beauty · P23914,饰品配件,S6,海贸乱发(劣),Amazon,en,US,70.58,2025-06-04,0.65,False,货不对板,Wrong item,存在差异（货不对板 / 运输或质量瑕疵）,赢,dataset
RG-000365,AMZ-P20043,Toys · P20043,饰品配件,S6,海贸乱发(劣),Amazon,en,US,685.68,2026-05-21,0.611,False,货不对板,Not as described,存在差异（货不对板 / 运输或质量瑕疵）,输,dataset
RG-000366,AMZ-P22608,Beauty · P22608,饰品配件,S3,鑫源电子(劣),Amazon,en,US,929.66,2025-10-06,0.884,True,外包装破损,Damaged,存在差异（货不对板 / 运输或质量瑕疵）,部分退款,dataset
RG-000367,AMZ-P23677,Electronics · P23677,3C数码,S3,鑫源电子(劣),Amazon,en,US,34.89,2026-06-15,0.884,True,外包装破损,Damaged,存在差异（货不对板 / 运输或质量瑕疵）,赢,dataset
RG-000368,AMZ-P20933,Toys · P20933,饰品配件,S7,锐捷制造,Amazon,en,US,182.72,2025-11-29,0.92,True,无明显瑕疵,Late delivery,一致（疑似非质量原因，倾向买家责任）,赢,dataset
RG-000369,AMZ-P22369,Clothing · P22369,服饰鞋包,S6,海贸乱发(劣),Amazon,en,US,115.09,2025-09-11,0.653,False,货不对板,Wrong item,存在差异（货不对板 / 运输或质量瑕疵）,输,dataset
RG-000370,AMZ-P21629,Clothing · P21629,服饰鞋包,S7,锐捷制造,Amazon,en,US,54.77,2025-10-05,0.884,True,无明显瑕疵,Duplicate order,一致（疑似非质量原因，倾向买家责任）,部分退款,dataset
RG-000371,AMZ-P20184,Clothing · P20184,服饰鞋包,S6,海贸乱发(劣),Amazon,en,US,161.28,2026-05-09,0.672,False,货不对板,Not as described,存在差异（货不对板 / 运输或质量瑕疵）,部分退款,dataset
RG-000372,AMZ-P22448,Electronics · P22448,3C数码,S3,鑫源电子(劣),Amazon,en,US,129.14,2026-02-28,0.896,True,外包装破损,Damaged,存在差异（货不对板 / 运输或质量瑕疵）,输,dataset
RG-000373,AMZ-P22888,Toys · P22888,饰品配件,S6,海贸乱发(劣),Amazon,en,US,36.52,2025-01-09,0.858,True,货不对板,Size/fit issue,存在差异（货不对板 / 运输或质量瑕疵）,输,dataset
RG-000374,AMZ-P23247,Electronics · P23247,3C数码,S6,海贸乱发(劣),Amazon,en,US,171.12,2026-01-05,0.662,False,货不对板,Wrong item,存在差异（货不对板 / 运输或质量瑕疵）,输,dataset
RG-000375,AMZ-P21848,Clothing · P21848,服饰鞋包,S6,海贸乱发(劣),Amazon,en,US,67.83,2026-02-12,0.676,False,货不对板,Wrong item,存在差异（货不对板 / 运输或质量瑕疵）,输,dataset
RG-000376,AMZ-P21021,Clothing · P21021,服饰鞋包,S3,鑫源电子(劣),Amazon,en,US,103.89,2026-03-08,0.861,True,外包装破损,Damaged,存在差异（货不对板 / 运输或质量瑕疵）,输,dataset
RG-000377,AMZ-P21006,Clothing · P21006,服饰鞋包,S6,海贸乱发(劣),Amazon,en,US,86.94,2026-03-22,0.898,True,商品缺件,Missing parts,存在差异（货不对板 / 运输或质量瑕疵）,输,dataset
RG-000378,AMZ-P22567,Home · P22567,小家电,S7,锐捷制造,Amazon,en,US,291.98,2026-05-27,0.897,True,无明显瑕疵,Duplicate order,一致（疑似非质量原因，倾向买家责任）,部分退款,dataset
RG-000379,AMZ-P22821,Toys · P22821,饰品配件,S3,鑫源电子(劣),Amazon,en,US,85.86,2025-01-23,0.897,True,外包装破损,Damaged,存在差异（货不对板 / 运输或质量瑕疵）,部分退款,dataset
RG-000380,AMZ-P21639,Toys · P21639,饰品配件,S6,海贸乱发(劣),Amazon,en,US,753.9,2025-06-14,0.867,True,货不对板,Size/fit issue,存在差异（货不对板 / 运输或质量瑕疵）,赢,dataset
RG-000381,AMZ-P22099,Books · P22099,饰品配件,S6,海贸乱发(劣),Amazon,en,US,1314.62,2025-09-12,0.675,False,货不对板,Not as described,存在差异（货不对板 / 运输或质量瑕疵）,输,dataset
RG-000382,AMZ-P22302,Clothing · P22302,服饰鞋包,S3,鑫源电子(劣),Amazon,en,US,182.82,2025-12-04,0.902,True,外包装破损,Damaged,存在差异（货不对板 / 运输或质量瑕疵）,输,dataset
RG-000383,AMZ-P20995,Electronics · P20995,3C数码,S3,鑫源电子(劣),Amazon,en,US,27.46,2025-07-14,0.882,True,功能故障,Quality issue,存在差异（货不对板 / 运输或质量瑕疵）,部分退款,dataset
RG-000384,AMZ-P22646,Toys · P22646,饰品配件,S6,海贸乱发(劣),Amazon,en,US,230.34,2025-12-12,0.857,True,货不对板,Size/fit issue,存在差异（货不对板 / 运输或质量瑕疵）,输,dataset
RG-000385,AMZ-P23680,Beauty · P23680,饰品配件,S7,锐捷制造,Amazon,en,US,621.65,2025-02-28,0.874,True,无明显瑕疵,Duplicate order,一致（疑似非质量原因，倾向买家责任）,部分退款,dataset
RG-000386,AMZ-P21572,Electronics · P21572,3C数码,S7,锐捷制造,Amazon,en,US,107.15,2025-02-24,0.897,True,无明显瑕疵,Changed mind,一致（疑似非质量原因，倾向买家责任）,赢,dataset
RG-000387,AMZ-P21437,Home · P21437,小家电,S3,鑫源电子(劣),Amazon,en,US,37.28,2026-05-14,0.846,True,外包装破损,Damaged,存在差异（货不对板 / 运输或质量瑕疵）,输,dataset
RG-000388,AMZ-P21980,Books · P21980,饰品配件,S7,锐捷制造,Amazon,en,US,90.77,2026-06-23,0.914,True,无明显瑕疵,Duplicate order,一致（疑似非质量原因，倾向买家责任）,部分退款,dataset
RG-000389,AMZ-P21835,Clothing · P21835,服饰鞋包,S6,海贸乱发(劣),Amazon,en,US,536.98,2025-01-24,0.676,False,货不对板,Wrong item,存在差异（货不对板 / 运输或质量瑕疵）,输,dataset
RG-000390,AMZ-P23194,Home · P23194,小家电,S6,海贸乱发(劣),Amazon,en,US,43.63,2024-12-24,0.848,True,货不对板,Size/fit issue,存在差异（货不对板 / 运输或质量瑕疵）,赢,dataset
RG-000391,AMZ-P20271,Electronics · P20271,3C数码,S6,海贸乱发(劣),Amazon,en,US,13.8,2026-05-14,0.868,True,商品缺件,Missing parts,存在差异（货不对板 / 运输或质量瑕疵）,输,dataset
RG-000392,AMZ-P23285,Beauty · P23285,饰品配件,S7,锐捷制造,Amazon,en,US,62.43,2026-03-02,0.92,True,无明显瑕疵,Late delivery,一致（疑似非质量原因，倾向买家责任）,部分退款,dataset
RG-000393,AMZ-P22948,Home · P22948,小家电,S7,锐捷制造,Amazon,en,US,145.47,2025-01-30,0.905,True,无明显瑕疵,Late delivery,一致（疑似非质量原因，倾向买家责任）,赢,dataset
RG-000394,AMZ-P21537,Home · P21537,小家电,S3,鑫源电子(劣),Amazon,en,US,43.03,2025-08-05,0.869,True,功能故障,Quality issue,存在差异（货不对板 / 运输或质量瑕疵）,部分退款,dataset
RG-000395,AMZ-P20999,Beauty · P20999,饰品配件,S3,鑫源电子(劣),Amazon,en,US,248.38,2026-02-15,0.862,True,功能故障,Quality issue,存在差异（货不对板 / 运输或质量瑕疵）,部分退款,dataset
RG-000396,AMZ-P22315,Electronics · P22315,3C数码,S6,海贸乱发(劣),Amazon,en,US,185.39,2025-01-23,0.84,True,货不对板,Size/fit issue,存在差异（货不对板 / 运输或质量瑕疵）,输,dataset
RG-000397,AMZ-P21752,Electronics · P21752,3C数码,S7,锐捷制造,Amazon,en,US,73.67,2026-04-22,0.924,True,无明显瑕疵,Changed mind,一致（疑似非质量原因，倾向买家责任）,赢,dataset
RG-000398,AMZ-P20623,Clothing · P20623,服饰鞋包,S6,海贸乱发(劣),Amazon,en,US,35.81,2026-01-22,0.861,True,货不对板,Size/fit issue,存在差异（货不对板 / 运输或质量瑕疵）,部分退款,dataset
RG-000399,AMZ-P21648,Home · P21648,小家电,S6,海贸乱发(劣),Amazon,en,US,117.09,2026-03-22,0.893,True,货不对板,Size/fit issue,存在差异（货不对板 / 运输或质量瑕疵）,部分退款,dataset
RG-000400,AMZ-P23653,Beauty · P23653,饰品配件,S3,鑫源电子(劣),Amazon,en,US,84.12,2025-11-22,0.852,True,外包装破损,Damaged,存在差异（货不对板 / 运输或质量瑕疵）,输,dataset
RG-000401,AMZ-P21624,Home · P21624,小家电,S6,海贸乱发(劣),Amazon,en,US,77.07,2026-05-16,0.829,True,货不对板,Size/fit issue,存在差异（货不对板 / 运输或质量瑕疵）,赢,dataset
RG-000402,AMZ-P23777,Electronics · P23777,3C数码,S6,海贸乱发(劣),Amazon,en,US,43.19,2026-07-25,0.613,False,货不对板,Not as described,存在差异（货不对板 / 运输或质量瑕疵）,部分退款,dataset
RG-000403,AMZ-P23984,Home · P23984,小家电,S6,海贸乱发(劣),Amazon,en,US,126.7,2025-04-22,0.846,True,货不对板,Size/fit issue,存在差异（货不对板 / 运输或质量瑕疵）,赢,dataset
RG-000404,AMZ-P22233,Home · P22233,小家电,S7,锐捷制造,Amazon,en,US,112.94,2024-12-28,0.926,True,无明显瑕疵,Changed mind,一致（疑似非质量原因，倾向买家责任）,赢,dataset
RG-000405,AMZ-P23712,Clothing · P23712,服饰鞋包,S6,海贸乱发(劣),Amazon,en,US,112.12,2025-10-20,0.645,False,货不对板,Wrong item,存在差异（货不对板 / 运输或质量瑕疵）,赢,dataset
RG-000406,AMZ-P20990,Home · P20990,小家电,S3,鑫源电子(劣),Amazon,en,US,69.38,2025-02-26,0.896,True,外包装破损,Damaged,存在差异（货不对板 / 运输或质量瑕疵）,部分退款,dataset
RG-000407,AMZ-P22005,Home · P22005,小家电,S6,海贸乱发(劣),Amazon,en,US,45.25,2025-03-04,0.654,False,货不对板,Not as described,存在差异（货不对板 / 运输或质量瑕疵）,输,dataset
RG-000408,AMZ-P21982,Clothing · P21982,服饰鞋包,S6,海贸乱发(劣),Amazon,en,US,33.5,2025-11-03,0.649,False,货不对板,Wrong item,存在差异（货不对板 / 运输或质量瑕疵）,输,dataset
RG-000409,AMZ-P23488,Home · P23488,小家电,S6,海贸乱发(劣),Amazon,en,US,311.01,2026-03-19,0.82,True,货不对板,Size/fit issue,存在差异（货不对板 / 运输或质量瑕疵）,赢,dataset
RG-000410,AMZ-P20404,Home · P20404,小家电,S7,锐捷制造,Amazon,en,US,53.63,2025-07-08,0.927,True,无明显瑕疵,Changed mind,一致（疑似非质量原因，倾向买家责任）,部分退款,dataset
RG-000411,AMZ-P22267,Home · P22267,小家电,S7,锐捷制造,Amazon,en,US,446.23,2025-12-10,0.926,True,无明显瑕疵,Late delivery,一致（疑似非质量原因，倾向买家责任）,赢,dataset
RG-000412,AMZ-P22991,Sports · P22991,服饰鞋包,S6,海贸乱发(劣),Amazon,en,US,143.09,2026-05-06,0.661,False,货不对板,Not as described,存在差异（货不对板 / 运输或质量瑕疵）,部分退款,dataset
RG-000413,AMZ-P21583,Sports · P21583,服饰鞋包,S6,海贸乱发(劣),Amazon,en,US,127.24,2026-03-05,0.839,True,货不对板,Size/fit issue,存在差异（货不对板 / 运输或质量瑕疵）,赢,dataset
RG-000414,AMZ-P20409,Home · P20409,小家电,S6,海贸乱发(劣),Amazon,en,US,69.61,2025-08-31,0.651,False,货不对板,Wrong item,存在差异（货不对板 / 运输或质量瑕疵）,输,dataset
RG-000415,AMZ-P23672,Clothing · P23672,服饰鞋包,S7,锐捷制造,Amazon,en,US,313.42,2025-08-31,0.927,True,无明显瑕疵,Duplicate order,一致（疑似非质量原因，倾向买家责任）,赢,dataset
RG-000416,AMZ-P20339,Books · P20339,饰品配件,S3,鑫源电子(劣),Amazon,en,US,21.14,2026-06-22,0.851,True,外包装破损,Damaged,存在差异（货不对板 / 运输或质量瑕疵）,输,dataset
RG-000417,AMZ-P20222,Clothing · P20222,服饰鞋包,S3,鑫源电子(劣),Amazon,en,US,610.11,2026-05-12,0.909,True,外包装破损,Damaged,存在差异（货不对板 / 运输或质量瑕疵）,输,dataset
RG-000418,AMZ-P21305,Clothing · P21305,服饰鞋包,S6,海贸乱发(劣),Amazon,en,US,733.54,2025-09-13,0.915,True,商品缺件,Missing parts,存在差异（货不对板 / 运输或质量瑕疵）,部分退款,dataset
RG-000419,AMZ-P23138,Clothing · P23138,服饰鞋包,S7,锐捷制造,Amazon,en,US,97.4,2025-08-29,0.909,True,无明显瑕疵,Late delivery,一致（疑似非质量原因，倾向买家责任）,部分退款,dataset
RG-000420,AMZ-P23976,Home · P23976,小家电,S7,锐捷制造,Amazon,en,US,23.91,2026-07-31,0.918,True,无明显瑕疵,Late delivery,一致（疑似非质量原因，倾向买家责任）,部分退款,dataset
RG-000421,AMZ-P20962,Toys · P20962,饰品配件,S3,鑫源电子(劣),Amazon,en,US,140.49,2025-07-04,0.914,True,外包装破损,Damaged,存在差异（货不对板 / 运输或质量瑕疵）,输,dataset
RG-000422,AMZ-P20858,Electronics · P20858,3C数码,S3,鑫源电子(劣),Amazon,en,US,501.24,2025-02-12,0.87,True,外包装破损,Damaged,存在差异（货不对板 / 运输或质量瑕疵）,赢,dataset
RG-000423,AMZ-P20555,Electronics · P20555,3C数码,S7,锐捷制造,Amazon,en,US,74.6,2025-07-07,0.887,True,无明显瑕疵,Late delivery,一致（疑似非质量原因，倾向买家责任）,赢,dataset
RG-000424,AMZ-P20647,Home · P20647,小家电,S6,海贸乱发(劣),Amazon,en,US,93.44,2025-10-01,0.896,True,商品缺件,Missing parts,存在差异（货不对板 / 运输或质量瑕疵）,输,dataset
RG-000425,AMZ-P22357,Clothing · P22357,服饰鞋包,S7,锐捷制造,Amazon,en,US,284.62,2026-04-13,0.947,True,无明显瑕疵,Changed mind,一致（疑似非质量原因，倾向买家责任）,赢,dataset
RG-000426,AMZ-P22416,Electronics · P22416,3C数码,S6,海贸乱发(劣),Amazon,en,US,77.52,2025-12-17,0.656,False,货不对板,Wrong item,存在差异（货不对板 / 运输或质量瑕疵）,输,dataset
RG-000427,AMZ-P20954,Clothing · P20954,服饰鞋包,S6,海贸乱发(劣),Amazon,en,US,120.05,2025-05-17,0.899,True,商品缺件,Missing parts,存在差异（货不对板 / 运输或质量瑕疵）,输,dataset
RG-000428,AMZ-P21866,Beauty · P21866,饰品配件,S6,海贸乱发(劣),Amazon,en,US,255.12,2025-03-15,0.856,True,货不对板,Size/fit issue,存在差异（货不对板 / 运输或质量瑕疵）,输,dataset
RG-000429,AMZ-P22306,Home · P22306,小家电,S6,海贸乱发(劣),Amazon,en,US,53.09,2025-07-19,0.654,False,货不对板,Not as described,存在差异（货不对板 / 运输或质量瑕疵）,部分退款,dataset
RG-000430,AMZ-P21186,Home · P21186,小家电,S6,海贸乱发(劣),Amazon,en,US,21.36,2026-03-03,0.862,True,货不对板,Size/fit issue,存在差异（货不对板 / 运输或质量瑕疵）,赢,dataset
RG-000431,AMZ-P20166,Electronics · P20166,3C数码,S6,海贸乱发(劣),Amazon,en,US,105.83,2025-03-18,0.647,False,货不对板,Wrong item,存在差异（货不对板 / 运输或质量瑕疵）,输,dataset
RG-000432,AMZ-P22380,Clothing · P22380,服饰鞋包,S7,锐捷制造,Amazon,en,US,82.84,2025-04-03,0.904,True,无明显瑕疵,Changed mind,一致（疑似非质量原因，倾向买家责任）,部分退款,dataset
RG-000433,AMZ-P21555,Home · P21555,小家电,S7,锐捷制造,Amazon,en,US,121.25,2026-05-28,0.891,True,无明显瑕疵,Changed mind,一致（疑似非质量原因，倾向买家责任）,赢,dataset
RG-000434,AMZ-P21824,Home · P21824,小家电,S6,海贸乱发(劣),Amazon,en,US,637.96,2025-08-03,0.617,False,货不对板,Wrong item,存在差异（货不对板 / 运输或质量瑕疵）,输,dataset
RG-000435,AMZ-P22531,Home · P22531,小家电,S3,鑫源电子(劣),Amazon,en,US,185.82,2026-01-08,0.877,True,功能故障,Quality issue,存在差异（货不对板 / 运输或质量瑕疵）,部分退款,dataset
RG-000436,AMZ-P23831,Home · P23831,小家电,S6,海贸乱发(劣),Amazon,en,US,87.16,2025-01-24,0.612,False,货不对板,Not as described,存在差异（货不对板 / 运输或质量瑕疵）,输,dataset
RG-000437,AMZ-P22459,Home · P22459,小家电,S7,锐捷制造,Amazon,en,US,94.09,2025-07-20,0.912,True,无明显瑕疵,Changed mind,一致（疑似非质量原因，倾向买家责任）,赢,dataset
RG-000438,AMZ-P23749,Home · P23749,小家电,S6,海贸乱发(劣),Amazon,en,US,63.29,2025-09-27,0.868,True,货不对板,Size/fit issue,存在差异（货不对板 / 运输或质量瑕疵）,输,dataset
RG-000439,AMZ-P20841,Home · P20841,小家电,S6,海贸乱发(劣),Amazon,en,US,38.92,2025-03-12,0.859,True,商品缺件,Missing parts,存在差异（货不对板 / 运输或质量瑕疵）,输,dataset
RG-000440,AMZ-P23852,Home · P23852,小家电,S7,锐捷制造,Amazon,en,US,263.07,2025-04-22,0.9,True,无明显瑕疵,Late delivery,一致（疑似非质量原因，倾向买家责任）,部分退款,dataset
RG-000441,AMZ-P22979,Clothing · P22979,服饰鞋包,S6,海贸乱发(劣),Amazon,en,US,29.76,2025-02-12,0.631,False,货不对板,Wrong item,存在差异（货不对板 / 运输或质量瑕疵）,输,dataset
RG-000442,AMZ-P21366,Clothing · P21366,服饰鞋包,S6,海贸乱发(劣),Amazon,en,US,51.35,2025-03-12,0.844,True,货不对板,Size/fit issue,存在差异（货不对板 / 运输或质量瑕疵）,输,dataset
RG-000443,AMZ-P21967,Toys · P21967,饰品配件,S7,锐捷制造,Amazon,en,US,536.47,2025-11-20,0.923,True,无明显瑕疵,Duplicate order,一致（疑似非质量原因，倾向买家责任）,赢,dataset
RG-000444,AMZ-P23450,Electronics · P23450,3C数码,S7,锐捷制造,Amazon,en,US,220.22,2026-06-10,0.875,True,无明显瑕疵,Changed mind,一致（疑似非质量原因，倾向买家责任）,赢,dataset
RG-000445,AMZ-P20087,Electronics · P20087,3C数码,S7,锐捷制造,Amazon,en,US,137.72,2025-02-26,0.9,True,无明显瑕疵,Changed mind,一致（疑似非质量原因，倾向买家责任）,部分退款,dataset
RG-000446,AMZ-P20495,Home · P20495,小家电,S6,海贸乱发(劣),Amazon,en,US,149.29,2025-12-01,0.638,False,货不对板,Wrong item,存在差异（货不对板 / 运输或质量瑕疵）,输,dataset
RG-000447,AMZ-P21602,Electronics · P21602,3C数码,S7,锐捷制造,Amazon,en,US,45.89,2026-06-22,0.885,True,无明显瑕疵,Changed mind,一致（疑似非质量原因，倾向买家责任）,部分退款,dataset
RG-000448,AMZ-P21161,Electronics · P21161,3C数码,S6,海贸乱发(劣),Amazon,en,US,16.91,2025-10-15,0.641,False,货不对板,Wrong item,存在差异（货不对板 / 运输或质量瑕疵）,输,dataset
RG-000449,AMZ-P21816,Electronics · P21816,3C数码,S6,海贸乱发(劣),Amazon,en,US,90.83,2025-01-30,0.898,True,商品缺件,Missing parts,存在差异（货不对板 / 运输或质量瑕疵）,输,dataset
RG-000450,AMZ-P23537,Electronics · P23537,3C数码,S3,鑫源电子(劣),Amazon,en,US,136.78,2026-08-12,0.879,True,外包装破损,Damaged,存在差异（货不对板 / 运输或质量瑕疵）,输,dataset
RG-000451,AMZ-P23207,Sports · P23207,服饰鞋包,S7,锐捷制造,Amazon,en,US,90.94,2025-10-26,0.902,True,无明显瑕疵,Changed mind,一致（疑似非质量原因，倾向买家责任）,部分退款,dataset
RG-000452,AMZ-P20440,Electronics · P20440,3C数码,S6,海贸乱发(劣),Amazon,en,US,104.48,2026-04-30,0.627,False,货不对板,Wrong item,存在差异（货不对板 / 运输或质量瑕疵）,赢,dataset
RG-000453,AMZ-P23087,Home · P23087,小家电,S6,海贸乱发(劣),Amazon,en,US,117.4,2026-07-17,0.662,False,货不对板,Wrong item,存在差异（货不对板 / 运输或质量瑕疵）,部分退款,dataset
RG-000454,AMZ-P21423,Toys · P21423,饰品配件,S6,海贸乱发(劣),Amazon,en,US,34.67,2025-06-11,0.828,True,货不对板,Size/fit issue,存在差异（货不对板 / 运输或质量瑕疵）,赢,dataset
RG-000455,AMZ-P21349,Beauty · P21349,饰品配件,S6,海贸乱发(劣),Amazon,en,US,223.53,2025-08-20,0.912,True,商品缺件,Missing parts,存在差异（货不对板 / 运输或质量瑕疵）,输,dataset
RG-000456,AMZ-P20457,Sports · P20457,服饰鞋包,S7,锐捷制造,Amazon,en,US,335.54,2025-12-29,0.878,True,无明显瑕疵,Changed mind,一致（疑似非质量原因，倾向买家责任）,赢,dataset
RG-000457,AMZ-P20955,Clothing · P20955,服饰鞋包,S6,海贸乱发(劣),Amazon,en,US,23.59,2026-01-08,0.673,False,货不对板,Not as described,存在差异（货不对板 / 运输或质量瑕疵）,部分退款,dataset
RG-000458,AMZ-P22733,Home · P22733,小家电,S7,锐捷制造,Amazon,en,US,106.1,2025-05-15,0.902,True,无明显瑕疵,Late delivery,一致（疑似非质量原因，倾向买家责任）,部分退款,dataset
RG-000459,AMZ-P22156,Electronics · P22156,3C数码,S6,海贸乱发(劣),Amazon,en,US,1447.15,2026-06-18,0.844,True,货不对板,Size/fit issue,存在差异（货不对板 / 运输或质量瑕疵）,部分退款,dataset
RG-000460,AMZ-P22549,Books · P22549,饰品配件,S6,海贸乱发(劣),Amazon,en,US,49.88,2026-08-04,0.889,True,商品缺件,Missing parts,存在差异（货不对板 / 运输或质量瑕疵）,输,dataset
RG-000461,AMZ-P22675,Beauty · P22675,饰品配件,S7,锐捷制造,Amazon,en,US,98.58,2026-01-08,0.878,True,无明显瑕疵,Duplicate order,一致（疑似非质量原因，倾向买家责任）,部分退款,dataset
RG-000462,AMZ-P21205,Home · P21205,小家电,S7,锐捷制造,Amazon,en,US,164.5,2025-04-01,0.908,True,无明显瑕疵,Changed mind,一致（疑似非质量原因，倾向买家责任）,部分退款,dataset
RG-000463,AMZ-P23616,Clothing · P23616,服饰鞋包,S3,鑫源电子(劣),Amazon,en,US,52.62,2026-03-27,0.874,True,外包装破损,Damaged,存在差异（货不对板 / 运输或质量瑕疵）,赢,dataset
RG-000464,AMZ-P21994,Clothing · P21994,服饰鞋包,S6,海贸乱发(劣),Amazon,en,US,1426.98,2026-02-04,0.647,False,货不对板,Wrong item,存在差异（货不对板 / 运输或质量瑕疵）,输,dataset
RG-000465,AMZ-P23009,Electronics · P23009,3C数码,S3,鑫源电子(劣),Amazon,en,US,44.89,2026-01-18,0.872,True,外包装破损,Damaged,存在差异（货不对板 / 运输或质量瑕疵）,输,dataset
RG-000466,AMZ-P22535,Beauty · P22535,饰品配件,S6,海贸乱发(劣),Amazon,en,US,216.8,2026-04-09,0.846,True,货不对板,Size/fit issue,存在差异（货不对板 / 运输或质量瑕疵）,部分退款,dataset
RG-000467,AMZ-P20540,Clothing · P20540,服饰鞋包,S6,海贸乱发(劣),Amazon,en,US,167.27,2025-10-10,0.886,True,商品缺件,Missing parts,存在差异（货不对板 / 运输或质量瑕疵）,输,dataset
RG-000468,AMZ-P23246,Home · P23246,小家电,S3,鑫源电子(劣),Amazon,en,US,557.09,2025-05-09,0.869,True,功能故障,Quality issue,存在差异（货不对板 / 运输或质量瑕疵）,输,dataset
RG-000469,AMZ-P20209,Home · P20209,小家电,S3,鑫源电子(劣),Amazon,en,US,334.74,2025-07-02,0.877,True,外包装破损,Damaged,存在差异（货不对板 / 运输或质量瑕疵）,输,dataset
RG-000470,AMZ-P20195,Electronics · P20195,3C数码,S6,海贸乱发(劣),Amazon,en,US,99.93,2025-05-04,0.823,True,货不对板,Size/fit issue,存在差异（货不对板 / 运输或质量瑕疵）,部分退款,dataset
RG-000471,AMZ-P21759,Electronics · P21759,3C数码,S3,鑫源电子(劣),Amazon,en,US,92.91,2025-08-30,0.848,True,功能故障,Quality issue,存在差异（货不对板 / 运输或质量瑕疵）,输,dataset
RG-000472,AMZ-P22668,Beauty · P22668,饰品配件,S7,锐捷制造,Amazon,en,US,241.54,2025-04-04,0.915,True,无明显瑕疵,Duplicate order,一致（疑似非质量原因，倾向买家责任）,赢,dataset
RG-000473,AMZ-P23043,Beauty · P23043,饰品配件,S7,锐捷制造,Amazon,en,US,31.02,2025-04-02,0.912,True,无明显瑕疵,Changed mind,一致（疑似非质量原因，倾向买家责任）,赢,dataset
RG-000474,AMZ-P23117,Clothing · P23117,服饰鞋包,S6,海贸乱发(劣),Amazon,en,US,72.96,2025-08-25,0.852,True,货不对板,Size/fit issue,存在差异（货不对板 / 运输或质量瑕疵）,输,dataset
RG-000475,AMZ-P21257,Electronics · P21257,3C数码,S6,海贸乱发(劣),Amazon,en,US,55.16,2025-02-18,0.64,False,货不对板,Wrong item,存在差异（货不对板 / 运输或质量瑕疵）,输,dataset
RG-000476,AMZ-P20385,Home · P20385,小家电,S7,锐捷制造,Amazon,en,US,39.65,2025-07-16,0.947,True,无明显瑕疵,Duplicate order,一致（疑似非质量原因，倾向买家责任）,赢,dataset
RG-000477,AMZ-P22675,Books · P22675,饰品配件,S6,海贸乱发(劣),Amazon,en,US,39.16,2025-06-05,0.827,True,货不对板,Size/fit issue,存在差异（货不对板 / 运输或质量瑕疵）,输,dataset
RG-000478,AMZ-P22965,Toys · P22965,饰品配件,S3,鑫源电子(劣),Amazon,en,US,66.77,2025-02-03,0.875,True,外包装破损,Damaged,存在差异（货不对板 / 运输或质量瑕疵）,输,dataset
RG-000479,AMZ-P21044,Beauty · P21044,饰品配件,S6,海贸乱发(劣),Amazon,en,US,66.26,2026-05-07,0.892,True,商品缺件,Missing parts,存在差异（货不对板 / 运输或质量瑕疵）,输,dataset
RG-000480,AMZ-P21202,Electronics · P21202,3C数码,S7,锐捷制造,Amazon,en,US,115.67,2025-08-21,0.903,True,无明显瑕疵,Late delivery,一致（疑似非质量原因，倾向买家责任）,部分退款,dataset
RG-000481,AMZ-P21521,Home · P21521,小家电,S3,鑫源电子(劣),Amazon,en,US,411.17,2026-07-28,0.85,True,功能故障,Quality issue,存在差异（货不对板 / 运输或质量瑕疵）,输,dataset
RG-000482,AMZ-P22716,Beauty · P22716,饰品配件,S7,锐捷制造,Amazon,en,US,79.56,2025-07-19,0.904,True,无明显瑕疵,Late delivery,一致（疑似非质量原因，倾向买家责任）,输,dataset
RG-000483,AMZ-P20559,Home · P20559,小家电,S6,海贸乱发(劣),Amazon,en,US,78.28,2025-08-06,0.608,False,货不对板,Wrong item,存在差异（货不对板 / 运输或质量瑕疵）,输,dataset
RG-000484,AMZ-P21680,Home · P21680,小家电,S7,锐捷制造,Amazon,en,US,82.93,2025-10-08,0.924,True,无明显瑕疵,Changed mind,一致（疑似非质量原因，倾向买家责任）,赢,dataset
RG-000485,AMZ-P23174,Beauty · P23174,饰品配件,S3,鑫源电子(劣),Amazon,en,US,581.34,2024-12-24,0.87,True,外包装破损,Damaged,存在差异（货不对板 / 运输或质量瑕疵）,输,dataset
RG-000486,AMZ-P23991,Electronics · P23991,3C数码,S3,鑫源电子(劣),Amazon,en,US,78.73,2025-09-22,0.892,True,外包装破损,Damaged,存在差异（货不对板 / 运输或质量瑕疵）,赢,dataset
RG-000487,AMZ-P21354,Electronics · P21354,3C数码,S3,鑫源电子(劣),Amazon,en,US,380.21,2026-05-26,0.862,True,外包装破损,Damaged,存在差异（货不对板 / 运输或质量瑕疵）,输,dataset
RG-000488,AMZ-P22681,Sports · P22681,服饰鞋包,S7,锐捷制造,Amazon,en,US,422.74,2025-10-04,0.895,True,无明显瑕疵,Late delivery,一致（疑似非质量原因，倾向买家责任）,输,dataset
RG-000489,AMZ-P21563,Toys · P21563,饰品配件,S7,锐捷制造,Amazon,en,US,70.06,2026-06-27,0.908,True,无明显瑕疵,Duplicate order,一致（疑似非质量原因，倾向买家责任）,赢,dataset
RG-000490,AMZ-P22702,Home · P22702,小家电,S6,海贸乱发(劣),Amazon,en,US,190.56,2026-05-10,0.853,True,商品缺件,Missing parts,存在差异（货不对板 / 运输或质量瑕疵）,输,dataset
RG-000491,AMZ-P22057,Beauty · P22057,饰品配件,S7,锐捷制造,Amazon,en,US,20.33,2026-05-03,0.923,True,无明显瑕疵,Duplicate order,一致（疑似非质量原因，倾向买家责任）,赢,dataset
RG-000492,AMZ-P22138,Electronics · P22138,3C数码,S7,锐捷制造,Amazon,en,US,118.88,2025-08-02,0.928,True,无明显瑕疵,Late delivery,一致（疑似非质量原因，倾向买家责任）,赢,dataset
RG-000493,AMZ-P21606,Home · P21606,小家电,S3,鑫源电子(劣),Amazon,en,US,210.47,2025-12-20,0.843,True,功能故障,Quality issue,存在差异（货不对板 / 运输或质量瑕疵）,输,dataset
RG-000494,AMZ-P23069,Electronics · P23069,3C数码,S6,海贸乱发(劣),Amazon,en,US,73.44,2025-12-07,0.855,True,货不对板,Size/fit issue,存在差异（货不对板 / 运输或质量瑕疵）,部分退款,dataset
RG-000495,AMZ-P20062,Electronics · P20062,3C数码,S6,海贸乱发(劣),Amazon,en,US,309.9,2026-01-31,0.606,False,货不对板,Not as described,存在差异（货不对板 / 运输或质量瑕疵）,部分退款,dataset
RG-000496,AMZ-P21859,Toys · P21859,饰品配件,S6,海贸乱发(劣),Amazon,en,US,54.92,2025-11-25,0.621,False,货不对板,Wrong item,存在差异（货不对板 / 运输或质量瑕疵）,输,dataset
RG-000497,AMZ-P23035,Clothing · P23035,服饰鞋包,S3,鑫源电子(劣),Amazon,en,US,40.28,2025-01-08,0.867,True,功能故障,Quality issue,存在差异（货不对板 / 运输或质量瑕疵）,输,dataset
RG-000498,AMZ-P23115,Electronics · P23115,3C数码,S3,鑫源电子(劣),Amazon,en,US,463.4,2026-05-08,0.893,True,外包装破损,Damaged,存在差异（货不对板 / 运输或质量瑕疵）,部分退款,dataset
RG-000499,AMZ-P23672,Clothing · P23672,服饰鞋包,S6,海贸乱发(劣),Amazon,en,US,289.11,2025-11-01,0.651,False,货不对板,Not as described,存在差异（货不对板 / 运输或质量瑕疵）,赢,dataset
RG-000500,AMZ-P22154,Books · P22154,饰品配件,S7,锐捷制造,Amazon,en,US,36.86,2026-05-31,0.882,True,无明显瑕疵,Changed mind,一致（疑似非质量原因，倾向买家责任）,赢,dataset
RG-000501,AMZ-P22775,Home · P22775,小家电,S7,锐捷制造,Amazon,en,US,39.1,2025-11-01,0.911,True,无明显瑕疵,Late delivery,一致（疑似非质量原因，倾向买家责任）,赢,dataset
RG-000502,AMZ-P20521,Electronics · P20521,3C数码,S6,海贸乱发(劣),Amazon,en,US,282.28,2026-01-30,0.632,False,货不对板,Not as described,存在差异（货不对板 / 运输或质量瑕疵）,赢,dataset
RG-000503,AMZ-P21149,Electronics · P21149,3C数码,S3,鑫源电子(劣),Amazon,en,US,321.86,2026-02-21,0.901,True,功能故障,Quality issue,存在差异（货不对板 / 运输或质量瑕疵）,输,dataset
RG-000504,AMZ-P20746,Electronics · P20746,3C数码,S7,锐捷制造,Amazon,en,US,176.83,2025-09-19,0.91,True,无明显瑕疵,Late delivery,一致（疑似非质量原因，倾向买家责任）,赢,dataset
RG-000505,AMZ-P21782,Home · P21782,小家电,S6,海贸乱发(劣),Amazon,en,US,183.2,2026-07-15,0.867,True,商品缺件,Missing parts,存在差异（货不对板 / 运输或质量瑕疵）,部分退款,dataset
RG-000506,AMZ-P21470,Beauty · P21470,饰品配件,S3,鑫源电子(劣),Amazon,en,US,102.67,2025-12-16,0.877,True,外包装破损,Damaged,存在差异（货不对板 / 运输或质量瑕疵）,赢,dataset
RG-000507,AMZ-P22990,Beauty · P22990,饰品配件,S6,海贸乱发(劣),Amazon,en,US,421.65,2026-02-17,0.874,True,货不对板,Size/fit issue,存在差异（货不对板 / 运输或质量瑕疵）,输,dataset
RG-000508,AMZ-P21537,Home · P21537,小家电,S6,海贸乱发(劣),Amazon,en,US,59.82,2026-01-18,0.607,False,货不对板,Wrong item,存在差异（货不对板 / 运输或质量瑕疵）,赢,dataset
RG-000509,AMZ-P23656,Beauty · P23656,饰品配件,S3,鑫源电子(劣),Amazon,en,US,201.07,2026-04-26,0.871,True,外包装破损,Damaged,存在差异（货不对板 / 运输或质量瑕疵）,部分退款,dataset
RG-000510,AMZ-P23816,Clothing · P23816,服饰鞋包,S3,鑫源电子(劣),Amazon,en,US,179.99,2026-05-25,0.904,True,外包装破损,Damaged,存在差异（货不对板 / 运输或质量瑕疵）,部分退款,dataset
RG-000511,AMZ-P22562,Clothing · P22562,服饰鞋包,S7,锐捷制造,Amazon,en,US,232.52,2026-05-05,0.946,True,无明显瑕疵,Duplicate order,一致（疑似非质量原因，倾向买家责任）,部分退款,dataset
RG-000512,AMZ-P21766,Sports · P21766,服饰鞋包,S7,锐捷制造,Amazon,en,US,374.99,2025-07-07,0.909,True,无明显瑕疵,Changed mind,一致（疑似非质量原因，倾向买家责任）,赢,dataset
RG-000513,AMZ-P20863,Electronics · P20863,3C数码,S3,鑫源电子(劣),Amazon,en,US,502.72,2026-04-03,0.846,True,功能故障,Quality issue,存在差异（货不对板 / 运输或质量瑕疵）,输,dataset
RG-000514,AMZ-P22882,Clothing · P22882,服饰鞋包,S7,锐捷制造,Amazon,en,US,153.58,2025-01-20,0.934,True,无明显瑕疵,Late delivery,一致（疑似非质量原因，倾向买家责任）,赢,dataset
RG-000515,AMZ-P21922,Home · P21922,小家电,S3,鑫源电子(劣),Amazon,en,US,50.93,2024-12-27,0.871,True,外包装破损,Damaged,存在差异（货不对板 / 运输或质量瑕疵）,输,dataset
RG-000516,AMZ-P23894,Electronics · P23894,3C数码,S3,鑫源电子(劣),Amazon,en,US,434.37,2026-01-23,0.872,True,功能故障,Quality issue,存在差异（货不对板 / 运输或质量瑕疵）,部分退款,dataset
RG-000517,AMZ-P20482,Beauty · P20482,饰品配件,S7,锐捷制造,Amazon,en,US,58.59,2025-01-27,0.916,True,无明显瑕疵,Changed mind,一致（疑似非质量原因，倾向买家责任）,部分退款,dataset
RG-000518,AMZ-P23240,Home · P23240,小家电,S3,鑫源电子(劣),Amazon,en,US,170.43,2026-01-23,0.882,True,外包装破损,Damaged,存在差异（货不对板 / 运输或质量瑕疵）,输,dataset
RG-000519,AMZ-P20644,Electronics · P20644,3C数码,S3,鑫源电子(劣),Amazon,en,US,46.53,2026-01-31,0.87,True,外包装破损,Damaged,存在差异（货不对板 / 运输或质量瑕疵）,部分退款,dataset
RG-000520,AMZ-P21249,Beauty · P21249,饰品配件,S6,海贸乱发(劣),Amazon,en,US,345.55,2026-04-14,0.647,False,货不对板,Not as described,存在差异（货不对板 / 运输或质量瑕疵）,部分退款,dataset
RG-000521,AMZ-P22736,Home · P22736,小家电,S3,鑫源电子(劣),Amazon,en,US,111.1,2025-04-07,0.85,True,功能故障,Quality issue,存在差异（货不对板 / 运输或质量瑕疵）,部分退款,dataset
RG-000522,AMZ-P23474,Clothing · P23474,服饰鞋包,S6,海贸乱发(劣),Amazon,en,US,222.64,2025-06-10,0.68,False,货不对板,Not as described,存在差异（货不对板 / 运输或质量瑕疵）,输,dataset
RG-000523,AMZ-P22900,Clothing · P22900,服饰鞋包,S6,海贸乱发(劣),Amazon,en,US,167.89,2026-06-28,0.871,True,商品缺件,Missing parts,存在差异（货不对板 / 运输或质量瑕疵）,输,dataset
RG-000524,AMZ-P20578,Electronics · P20578,3C数码,S3,鑫源电子(劣),Amazon,en,US,358.54,2025-06-24,0.878,True,功能故障,Quality issue,存在差异（货不对板 / 运输或质量瑕疵）,部分退款,dataset
RG-000525,AMZ-P22480,Electronics · P22480,3C数码,S6,海贸乱发(劣),Amazon,en,US,76.08,2026-05-04,0.637,False,货不对板,Wrong item,存在差异（货不对板 / 运输或质量瑕疵）,输,dataset
RG-000526,AMZ-P23728,Electronics · P23728,3C数码,S6,海贸乱发(劣),Amazon,en,US,148.92,2025-08-23,0.61,False,货不对板,Not as described,存在差异（货不对板 / 运输或质量瑕疵）,赢,dataset
RG-000527,AMZ-P22915,Electronics · P22915,3C数码,S6,海贸乱发(劣),Amazon,en,US,78.57,2025-08-16,0.628,False,货不对板,Wrong item,存在差异（货不对板 / 运输或质量瑕疵）,赢,dataset
RG-000528,AMZ-P22919,Books · P22919,饰品配件,S6,海贸乱发(劣),Amazon,en,US,54.77,2025-12-23,0.633,False,货不对板,Wrong item,存在差异（货不对板 / 运输或质量瑕疵）,输,dataset
RG-000529,AMZ-P21167,Electronics · P21167,3C数码,S7,锐捷制造,Amazon,en,US,13.04,2024-12-30,0.896,True,无明显瑕疵,Changed mind,一致（疑似非质量原因，倾向买家责任）,部分退款,dataset
RG-000530,AMZ-P21168,Electronics · P21168,3C数码,S6,海贸乱发(劣),Amazon,en,US,50.08,2026-01-12,0.651,False,货不对板,Not as described,存在差异（货不对板 / 运输或质量瑕疵）,输,dataset
RG-000531,AMZ-P22110,Sports · P22110,服饰鞋包,S7,锐捷制造,Amazon,en,US,132.74,2026-01-13,0.927,True,无明显瑕疵,Changed mind,一致（疑似非质量原因，倾向买家责任）,部分退款,dataset
RG-000532,AMZ-P21126,Sports · P21126,服饰鞋包,S6,海贸乱发(劣),Amazon,en,US,757.34,2026-03-31,0.922,True,商品缺件,Missing parts,存在差异（货不对板 / 运输或质量瑕疵）,输,dataset
RG-000533,AMZ-P20486,Electronics · P20486,3C数码,S3,鑫源电子(劣),Amazon,en,US,45.92,2025-12-31,0.87,True,功能故障,Quality issue,存在差异（货不对板 / 运输或质量瑕疵）,输,dataset
RG-000534,AMZ-P20925,Home · P20925,小家电,S7,锐捷制造,Amazon,en,US,45.41,2025-11-12,0.877,True,无明显瑕疵,Duplicate order,一致（疑似非质量原因，倾向买家责任）,赢,dataset
RG-000535,AMZ-P22370,Home · P22370,小家电,S3,鑫源电子(劣),Amazon,en,US,818.86,2026-03-07,0.876,True,功能故障,Quality issue,存在差异（货不对板 / 运输或质量瑕疵）,输,dataset
RG-000536,AMZ-P21778,Home · P21778,小家电,S6,海贸乱发(劣),Amazon,en,US,218.61,2025-10-23,0.613,False,货不对板,Wrong item,存在差异（货不对板 / 运输或质量瑕疵）,输,dataset
RG-000537,AMZ-P22669,Electronics · P22669,3C数码,S6,海贸乱发(劣),Amazon,en,US,828.73,2026-06-15,0.628,False,货不对板,Wrong item,存在差异（货不对板 / 运输或质量瑕疵）,输,dataset
RG-000538,AMZ-P22436,Electronics · P22436,3C数码,S6,海贸乱发(劣),Amazon,en,US,48.12,2025-08-13,0.601,False,货不对板,Not as described,存在差异（货不对板 / 运输或质量瑕疵）,部分退款,dataset
RG-000539,AMZ-P20933,Home · P20933,小家电,S7,锐捷制造,Amazon,en,US,131.11,2026-01-23,0.931,True,无明显瑕疵,Late delivery,一致（疑似非质量原因，倾向买家责任）,部分退款,dataset
RG-000540,AMZ-P20275,Electronics · P20275,3C数码,S7,锐捷制造,Amazon,en,US,99.56,2025-06-12,0.928,True,无明显瑕疵,Late delivery,一致（疑似非质量原因，倾向买家责任）,赢,dataset
RG-000541,AMZ-P21081,Electronics · P21081,3C数码,S7,锐捷制造,Amazon,en,US,577.5,2026-07-05,0.892,True,无明显瑕疵,Changed mind,一致（疑似非质量原因，倾向买家责任）,赢,dataset
RG-000542,AMZ-P21384,Home · P21384,小家电,S3,鑫源电子(劣),Amazon,en,US,22.46,2026-04-18,0.869,True,功能故障,Quality issue,存在差异（货不对板 / 运输或质量瑕疵）,输,dataset
RG-000543,AMZ-P23593,Books · P23593,饰品配件,S3,鑫源电子(劣),Amazon,en,US,41.86,2026-05-14,0.844,True,功能故障,Quality issue,存在差异（货不对板 / 运输或质量瑕疵）,输,dataset
RG-000544,AMZ-P23266,Electronics · P23266,3C数码,S6,海贸乱发(劣),Amazon,en,US,567.69,2025-09-29,0.63,False,货不对板,Wrong item,存在差异（货不对板 / 运输或质量瑕疵）,输,dataset
RG-000545,AMZ-P21986,Clothing · P21986,服饰鞋包,S6,海贸乱发(劣),Amazon,en,US,14.0,2025-12-03,0.634,False,货不对板,Wrong item,存在差异（货不对板 / 运输或质量瑕疵）,输,dataset
RG-000546,AMZ-P21523,Clothing · P21523,服饰鞋包,S7,锐捷制造,Amazon,en,US,68.6,2025-04-11,0.933,True,无明显瑕疵,Changed mind,一致（疑似非质量原因，倾向买家责任）,赢,dataset
RG-000547,AMZ-P20782,Home · P20782,小家电,S6,海贸乱发(劣),Amazon,en,US,138.4,2025-01-26,0.67,False,货不对板,Wrong item,存在差异（货不对板 / 运输或质量瑕疵）,输,dataset
RG-000548,AMZ-P21043,Home · P21043,小家电,S3,鑫源电子(劣),Amazon,en,US,72.05,2026-05-25,0.869,True,外包装破损,Damaged,存在差异（货不对板 / 运输或质量瑕疵）,输,dataset
RG-000549,AMZ-P21594,Clothing · P21594,服饰鞋包,S3,鑫源电子(劣),Amazon,en,US,25.89,2025-08-27,0.897,True,功能故障,Quality issue,存在差异（货不对板 / 运输或质量瑕疵）,输,dataset
RG-000550,AMZ-P21521,Toys · P21521,饰品配件,S6,海贸乱发(劣),Amazon,en,US,54.57,2025-06-19,0.886,True,商品缺件,Missing parts,存在差异（货不对板 / 运输或质量瑕疵）,赢,dataset
RG-000551,AMZ-P20586,Beauty · P20586,饰品配件,S3,鑫源电子(劣),Amazon,en,US,17.15,2026-08-04,0.846,True,外包装破损,Damaged,存在差异（货不对板 / 运输或质量瑕疵）,赢,dataset
RG-000552,AMZ-P21419,Home · P21419,小家电,S6,海贸乱发(劣),Amazon,en,US,92.92,2025-01-25,0.851,True,商品缺件,Missing parts,存在差异（货不对板 / 运输或质量瑕疵）,输,dataset
RG-000553,AMZ-P23590,Electronics · P23590,3C数码,S6,海贸乱发(劣),Amazon,en,US,139.61,2025-10-02,0.856,True,商品缺件,Missing parts,存在差异（货不对板 / 运输或质量瑕疵）,赢,dataset
RG-000554,AMZ-P22146,Clothing · P22146,服饰鞋包,S7,锐捷制造,Amazon,en,US,290.61,2025-06-27,0.915,True,无明显瑕疵,Duplicate order,一致（疑似非质量原因，倾向买家责任）,赢,dataset
RG-000555,AMZ-P20805,Electronics · P20805,3C数码,S3,鑫源电子(劣),Amazon,en,US,21.55,2025-02-18,0.851,True,功能故障,Quality issue,存在差异（货不对板 / 运输或质量瑕疵）,输,dataset
RG-000556,AMZ-P20071,Electronics · P20071,3C数码,S3,鑫源电子(劣),Amazon,en,US,70.42,2026-08-11,0.876,True,功能故障,Quality issue,存在差异（货不对板 / 运输或质量瑕疵）,赢,dataset
RG-000557,AMZ-P20149,Toys · P20149,饰品配件,S6,海贸乱发(劣),Amazon,en,US,13.98,2025-06-29,0.882,True,商品缺件,Missing parts,存在差异（货不对板 / 运输或质量瑕疵）,部分退款,dataset
RG-000558,AMZ-P22553,Electronics · P22553,3C数码,S7,锐捷制造,Amazon,en,US,78.2,2025-05-31,0.951,True,无明显瑕疵,Changed mind,一致（疑似非质量原因，倾向买家责任）,赢,dataset
RG-000559,AMZ-P20990,Home · P20990,小家电,S3,鑫源电子(劣),Amazon,en,US,40.66,2026-07-20,0.871,True,外包装破损,Damaged,存在差异（货不对板 / 运输或质量瑕疵）,输,dataset
RG-000560,AMZ-P23494,Electronics · P23494,3C数码,S3,鑫源电子(劣),Amazon,en,US,647.84,2025-05-30,0.846,True,外包装破损,Damaged,存在差异（货不对板 / 运输或质量瑕疵）,部分退款,dataset
RG-000561,AMZ-P21305,Electronics · P21305,3C数码,S7,锐捷制造,Amazon,en,US,44.83,2026-05-27,0.894,True,无明显瑕疵,Duplicate order,一致（疑似非质量原因，倾向买家责任）,赢,dataset
RG-000562,AMZ-P20823,Clothing · P20823,服饰鞋包,S6,海贸乱发(劣),Amazon,en,US,70.9,2025-01-30,0.859,True,货不对板,Size/fit issue,存在差异（货不对板 / 运输或质量瑕疵）,输,dataset
RG-000563,AMZ-P22003,Electronics · P22003,3C数码,S3,鑫源电子(劣),Amazon,en,US,133.49,2026-04-16,0.857,True,外包装破损,Damaged,存在差异（货不对板 / 运输或质量瑕疵）,部分退款,dataset
RG-000564,AMZ-P23138,Sports · P23138,服饰鞋包,S7,锐捷制造,Amazon,en,US,103.07,2026-03-07,0.91,True,无明显瑕疵,Duplicate order,一致（疑似非质量原因，倾向买家责任）,赢,dataset
RG-000565,AMZ-P22188,Electronics · P22188,3C数码,S6,海贸乱发(劣),Amazon,en,US,127.96,2025-01-28,0.648,False,货不对板,Not as described,存在差异（货不对板 / 运输或质量瑕疵）,部分退款,dataset
RG-000566,AMZ-P21588,Toys · P21588,饰品配件,S3,鑫源电子(劣),Amazon,en,US,235.3,2026-01-03,0.887,True,外包装破损,Damaged,存在差异（货不对板 / 运输或质量瑕疵）,输,dataset
RG-000567,AMZ-P20747,Books · P20747,饰品配件,S7,锐捷制造,Amazon,en,US,374.84,2025-08-16,0.889,True,无明显瑕疵,Late delivery,一致（疑似非质量原因，倾向买家责任）,部分退款,dataset
RG-000568,AMZ-P23786,Electronics · P23786,3C数码,S7,锐捷制造,Amazon,en,US,293.18,2026-02-03,0.915,True,无明显瑕疵,Changed mind,一致（疑似非质量原因，倾向买家责任）,赢,dataset
RG-000569,AMZ-P21989,Home · P21989,小家电,S7,锐捷制造,Amazon,en,US,131.1,2024-12-31,0.935,True,无明显瑕疵,Changed mind,一致（疑似非质量原因，倾向买家责任）,部分退款,dataset
RG-000570,AMZ-P22777,Electronics · P22777,3C数码,S7,锐捷制造,Amazon,en,US,51.42,2025-03-04,0.889,True,无明显瑕疵,Duplicate order,一致（疑似非质量原因，倾向买家责任）,赢,dataset
RG-000571,AMZ-P23944,Electronics · P23944,3C数码,S6,海贸乱发(劣),Amazon,en,US,61.68,2026-06-08,0.844,True,货不对板,Size/fit issue,存在差异（货不对板 / 运输或质量瑕疵）,输,dataset
RG-000572,AMZ-P23838,Electronics · P23838,3C数码,S7,锐捷制造,Amazon,en,US,140.52,2025-02-07,0.884,True,无明显瑕疵,Late delivery,一致（疑似非质量原因，倾向买家责任）,赢,dataset
RG-000573,AMZ-P23186,Home · P23186,小家电,S3,鑫源电子(劣),Amazon,en,US,164.05,2025-06-04,0.881,True,功能故障,Quality issue,存在差异（货不对板 / 运输或质量瑕疵）,赢,dataset
RG-000574,AMZ-P23030,Electronics · P23030,3C数码,S6,海贸乱发(劣),Amazon,en,US,72.49,2025-01-07,0.882,True,货不对板,Size/fit issue,存在差异（货不对板 / 运输或质量瑕疵）,赢,dataset
RG-000575,AMZ-P22704,Sports · P22704,服饰鞋包,S6,海贸乱发(劣),Amazon,en,US,688.07,2025-03-01,0.632,False,货不对板,Not as described,存在差异（货不对板 / 运输或质量瑕疵）,输,dataset
RG-000576,AMZ-P22100,Books · P22100,饰品配件,S6,海贸乱发(劣),Amazon,en,US,36.99,2026-05-31,0.631,False,货不对板,Not as described,存在差异（货不对板 / 运输或质量瑕疵）,输,dataset
RG-000577,AMZ-P23907,Beauty · P23907,饰品配件,S7,锐捷制造,Amazon,en,US,1588.25,2025-10-19,0.873,True,无明显瑕疵,Late delivery,一致（疑似非质量原因，倾向买家责任）,赢,dataset
RG-000578,AMZ-P21156,Home · P21156,小家电,S3,鑫源电子(劣),Amazon,en,US,300.33,2025-01-14,0.862,True,外包装破损,Damaged,存在差异（货不对板 / 运输或质量瑕疵）,输,dataset
RG-000579,AMZ-P22795,Electronics · P22795,3C数码,S7,锐捷制造,Amazon,en,US,83.11,2025-08-08,0.911,True,无明显瑕疵,Duplicate order,一致（疑似非质量原因，倾向买家责任）,赢,dataset
RG-000580,AMZ-P21394,Home · P21394,小家电,S7,锐捷制造,Amazon,en,US,192.28,2025-12-14,0.924,True,无明显瑕疵,Late delivery,一致（疑似非质量原因，倾向买家责任）,赢,dataset
RG-000581,AMZ-P22008,Toys · P22008,饰品配件,S7,锐捷制造,Amazon,en,US,373.52,2025-03-12,0.892,True,无明显瑕疵,Duplicate order,一致（疑似非质量原因，倾向买家责任）,输,dataset
RG-000582,AMZ-P20660,Electronics · P20660,3C数码,S3,鑫源电子(劣),Amazon,en,US,132.9,2026-07-06,0.856,True,外包装破损,Damaged,存在差异（货不对板 / 运输或质量瑕疵）,部分退款,dataset
RG-000583,AMZ-P20103,Electronics · P20103,3C数码,S3,鑫源电子(劣),Amazon,en,US,244.32,2025-06-02,0.87,True,功能故障,Quality issue,存在差异（货不对板 / 运输或质量瑕疵）,输,dataset
RG-000584,AMZ-P20189,Electronics · P20189,3C数码,S7,锐捷制造,Amazon,en,US,22.93,2025-09-07,0.907,True,无明显瑕疵,Changed mind,一致（疑似非质量原因，倾向买家责任）,赢,dataset
RG-000585,AMZ-P23082,Sports · P23082,服饰鞋包,S6,海贸乱发(劣),Amazon,en,US,45.3,2026-02-24,0.613,False,货不对板,Wrong item,存在差异（货不对板 / 运输或质量瑕疵）,输,dataset
RG-000586,AMZ-P20552,Home · P20552,小家电,S7,锐捷制造,Amazon,en,US,299.67,2026-01-18,0.901,True,无明显瑕疵,Duplicate order,一致（疑似非质量原因，倾向买家责任）,部分退款,dataset
RG-000587,AMZ-P21345,Clothing · P21345,服饰鞋包,S7,锐捷制造,Amazon,en,US,299.64,2026-04-11,0.911,True,无明显瑕疵,Duplicate order,一致（疑似非质量原因，倾向买家责任）,赢,dataset
RG-000588,AMZ-P22310,Books · P22310,饰品配件,S7,锐捷制造,Amazon,en,US,172.96,2026-03-25,0.9,True,无明显瑕疵,Duplicate order,一致（疑似非质量原因，倾向买家责任）,赢,dataset
RG-000589,AMZ-P22623,Toys · P22623,饰品配件,S7,锐捷制造,Amazon,en,US,156.89,2025-07-25,0.918,True,无明显瑕疵,Late delivery,一致（疑似非质量原因，倾向买家责任）,赢,dataset
RG-000590,AMZ-P20154,Electronics · P20154,3C数码,S7,锐捷制造,Amazon,en,US,69.13,2025-11-13,0.892,True,无明显瑕疵,Duplicate order,一致（疑似非质量原因，倾向买家责任）,赢,dataset
RG-000591,AMZ-P20941,Electronics · P20941,3C数码,S6,海贸乱发(劣),Amazon,en,US,99.0,2025-01-07,0.65,False,货不对板,Not as described,存在差异（货不对板 / 运输或质量瑕疵）,部分退款,dataset
RG-000592,AMZ-P20725,Electronics · P20725,3C数码,S7,锐捷制造,Amazon,en,US,193.89,2025-08-03,0.904,True,无明显瑕疵,Changed mind,一致（疑似非质量原因，倾向买家责任）,赢,dataset
RG-000593,AMZ-P22311,Clothing · P22311,服饰鞋包,S3,鑫源电子(劣),Amazon,en,US,97.0,2026-03-18,0.891,True,外包装破损,Damaged,存在差异（货不对板 / 运输或质量瑕疵）,赢,dataset
RG-000594,AMZ-P23558,Sports · P23558,服饰鞋包,S7,锐捷制造,Amazon,en,US,65.89,2025-10-28,0.887,True,无明显瑕疵,Changed mind,一致（疑似非质量原因，倾向买家责任）,部分退款,dataset
RG-000595,AMZ-P22205,Home · P22205,小家电,S7,锐捷制造,Amazon,en,US,91.24,2025-07-26,0.921,True,无明显瑕疵,Changed mind,一致（疑似非质量原因，倾向买家责任）,赢,dataset
RG-000596,AMZ-P22649,Toys · P22649,饰品配件,S6,海贸乱发(劣),Amazon,en,US,328.66,2025-05-04,0.849,True,货不对板,Size/fit issue,存在差异（货不对板 / 运输或质量瑕疵）,输,dataset
RG-000597,AMZ-P20422,Home · P20422,小家电,S6,海贸乱发(劣),Amazon,en,US,47.87,2025-01-27,0.876,True,货不对板,Size/fit issue,存在差异（货不对板 / 运输或质量瑕疵）,输,dataset
RG-000598,AMZ-P21913,Electronics · P21913,3C数码,S6,海贸乱发(劣),Amazon,en,US,528.27,2026-08-04,0.837,True,货不对板,Size/fit issue,存在差异（货不对板 / 运输或质量瑕疵）,部分退款,dataset
RG-000599,AMZ-P22124,Clothing · P22124,服饰鞋包,S3,鑫源电子(劣),Amazon,en,US,86.86,2025-01-08,0.856,True,外包装破损,Damaged,存在差异（货不对板 / 运输或质量瑕疵）,部分退款,dataset
RG-000600,AMZ-P20296,Clothing · P20296,服饰鞋包,S6,海贸乱发(劣),Amazon,en,US,37.06,2026-04-09,0.866,True,商品缺件,Missing parts,存在差异（货不对板 / 运输或质量瑕疵）,输,dataset
RG-000601,AMZ-P21133,Beauty · P21133,饰品配件,S7,锐捷制造,Amazon,en,US,84.88,2026-06-20,0.93,True,无明显瑕疵,Changed mind,一致（疑似非质量原因，倾向买家责任）,赢,dataset
RG-000602,AMZ-P23911,Clothing · P23911,服饰鞋包,S6,海贸乱发(劣),Amazon,en,US,244.36,2025-11-06,0.701,False,货不对板,Wrong item,存在差异（货不对板 / 运输或质量瑕疵）,输,dataset
RG-000603,AMZ-P22453,Toys · P22453,饰品配件,S6,海贸乱发(劣),Amazon,en,US,343.96,2025-06-13,0.876,True,商品缺件,Missing parts,存在差异（货不对板 / 运输或质量瑕疵）,赢,dataset
RG-000604,AMZ-P20290,Clothing · P20290,服饰鞋包,S7,锐捷制造,Amazon,en,US,209.36,2025-08-20,0.921,True,无明显瑕疵,Late delivery,一致（疑似非质量原因，倾向买家责任）,赢,dataset
RG-000605,AMZ-P22046,Clothing · P22046,服饰鞋包,S7,锐捷制造,Amazon,en,US,27.56,2025-07-05,0.929,True,无明显瑕疵,Changed mind,一致（疑似非质量原因，倾向买家责任）,部分退款,dataset
RG-000606,AMZ-P21080,Electronics · P21080,3C数码,S6,海贸乱发(劣),Amazon,en,US,197.5,2025-08-26,0.877,True,货不对板,Size/fit issue,存在差异（货不对板 / 运输或质量瑕疵）,输,dataset
RG-000607,AMZ-P22202,Books · P22202,饰品配件,S6,海贸乱发(劣),Amazon,en,US,53.86,2026-07-07,0.659,False,货不对板,Wrong item,存在差异（货不对板 / 运输或质量瑕疵）,输,dataset
RG-000608,AMZ-P23461,Clothing · P23461,服饰鞋包,S6,海贸乱发(劣),Amazon,en,US,44.16,2025-01-24,0.643,False,货不对板,Not as described,存在差异（货不对板 / 运输或质量瑕疵）,输,dataset
RG-000609,AMZ-P23137,Home · P23137,小家电,S7,锐捷制造,Amazon,en,US,58.21,2025-01-03,0.914,True,无明显瑕疵,Changed mind,一致（疑似非质量原因，倾向买家责任）,赢,dataset
RG-000610,AMZ-P23809,Electronics · P23809,3C数码,S6,海贸乱发(劣),Amazon,en,US,128.38,2025-09-08,0.876,True,货不对板,Size/fit issue,存在差异（货不对板 / 运输或质量瑕疵）,输,dataset
RG-000611,AMZ-P22893,Clothing · P22893,服饰鞋包,S3,鑫源电子(劣),Amazon,en,US,91.12,2025-10-20,0.853,True,功能故障,Quality issue,存在差异（货不对板 / 运输或质量瑕疵）,部分退款,dataset
RG-000612,AMZ-P23673,Electronics · P23673,3C数码,S7,锐捷制造,Amazon,en,US,228.18,2026-05-31,0.888,True,无明显瑕疵,Duplicate order,一致（疑似非质量原因，倾向买家责任）,赢,dataset
RG-000613,AMZ-P21296,Electronics · P21296,3C数码,S7,锐捷制造,Amazon,en,US,112.37,2025-04-01,0.879,True,无明显瑕疵,Changed mind,一致（疑似非质量原因，倾向买家责任）,赢,dataset
RG-000614,AMZ-P21750,Electronics · P21750,3C数码,S7,锐捷制造,Amazon,en,US,32.87,2026-05-25,0.909,True,无明显瑕疵,Duplicate order,一致（疑似非质量原因，倾向买家责任）,输,dataset
RG-000615,AMZ-P20470,Home · P20470,小家电,S7,锐捷制造,Amazon,en,US,595.48,2026-06-18,0.922,True,无明显瑕疵,Changed mind,一致（疑似非质量原因，倾向买家责任）,赢,dataset
RG-000616,AMZ-P22960,Beauty · P22960,饰品配件,S6,海贸乱发(劣),Amazon,en,US,371.9,2026-07-07,0.646,False,货不对板,Not as described,存在差异（货不对板 / 运输或质量瑕疵）,部分退款,dataset
RG-000617,AMZ-P20977,Toys · P20977,饰品配件,S6,海贸乱发(劣),Amazon,en,US,541.0,2025-01-10,0.865,True,商品缺件,Missing parts,存在差异（货不对板 / 运输或质量瑕疵）,赢,dataset
RG-000618,AMZ-P21252,Toys · P21252,饰品配件,S7,锐捷制造,Amazon,en,US,56.3,2025-12-17,0.872,True,无明显瑕疵,Late delivery,一致（疑似非质量原因，倾向买家责任）,赢,dataset
RG-000619,AMZ-P22101,Home · P22101,小家电,S7,锐捷制造,Amazon,en,US,186.32,2026-08-10,0.916,True,无明显瑕疵,Duplicate order,一致（疑似非质量原因，倾向买家责任）,赢,dataset
RG-000620,AMZ-P22371,Sports · P22371,服饰鞋包,S6,海贸乱发(劣),Amazon,en,US,271.8,2026-02-15,0.617,False,货不对板,Not as described,存在差异（货不对板 / 运输或质量瑕疵）,部分退款,dataset
RG-000621,AMZ-P21363,Beauty · P21363,饰品配件,S7,锐捷制造,Amazon,en,US,281.45,2025-03-22,0.895,True,无明显瑕疵,Duplicate order,一致（疑似非质量原因，倾向买家责任）,部分退款,dataset
RG-000622,AMZ-P21220,Beauty · P21220,饰品配件,S7,锐捷制造,Amazon,en,US,31.46,2025-02-12,0.914,True,无明显瑕疵,Late delivery,一致（疑似非质量原因，倾向买家责任）,部分退款,dataset
RG-000623,AMZ-P23465,Electronics · P23465,3C数码,S6,海贸乱发(劣),Amazon,en,US,388.5,2025-02-13,0.823,True,货不对板,Size/fit issue,存在差异（货不对板 / 运输或质量瑕疵）,输,dataset
RG-000624,AMZ-P20867,Clothing · P20867,服饰鞋包,S3,鑫源电子(劣),Amazon,en,US,34.94,2025-07-20,0.888,True,外包装破损,Damaged,存在差异（货不对板 / 运输或质量瑕疵）,输,dataset
RG-000625,AMZ-P21896,Home · P21896,小家电,S6,海贸乱发(劣),Amazon,en,US,171.52,2026-03-07,0.9,True,商品缺件,Missing parts,存在差异（货不对板 / 运输或质量瑕疵）,部分退款,dataset
RG-000626,AMZ-P21885,Clothing · P21885,服饰鞋包,S7,锐捷制造,Amazon,en,US,56.46,2026-04-23,0.942,True,无明显瑕疵,Duplicate order,一致（疑似非质量原因，倾向买家责任）,赢,dataset
RG-000627,AMZ-P21613,Electronics · P21613,3C数码,S6,海贸乱发(劣),Amazon,en,US,98.77,2026-02-15,0.902,True,商品缺件,Missing parts,存在差异（货不对板 / 运输或质量瑕疵）,部分退款,dataset
RG-000628,AMZ-P22793,Clothing · P22793,服饰鞋包,S7,锐捷制造,Amazon,en,US,45.38,2025-03-24,0.96,True,无明显瑕疵,Duplicate order,一致（疑似非质量原因，倾向买家责任）,赢,dataset
RG-000629,AMZ-P21109,Home · P21109,小家电,S3,鑫源电子(劣),Amazon,en,US,2545.38,2025-02-17,0.876,True,外包装破损,Damaged,存在差异（货不对板 / 运输或质量瑕疵）,部分退款,dataset
RG-000630,AMZ-P22130,Sports · P22130,服饰鞋包,S7,锐捷制造,Amazon,en,US,201.63,2026-02-18,0.9,True,无明显瑕疵,Changed mind,一致（疑似非质量原因，倾向买家责任）,赢,dataset
RG-000631,AMZ-P22538,Books · P22538,饰品配件,S7,锐捷制造,Amazon,en,US,199.28,2026-01-26,0.902,True,无明显瑕疵,Late delivery,一致（疑似非质量原因，倾向买家责任）,赢,dataset
RG-000632,AMZ-P23238,Beauty · P23238,饰品配件,S6,海贸乱发(劣),Amazon,en,US,49.87,2025-09-05,0.599,False,货不对板,Not as described,存在差异（货不对板 / 运输或质量瑕疵）,输,dataset
RG-000633,AMZ-P22382,Clothing · P22382,服饰鞋包,S6,海贸乱发(劣),Amazon,en,US,64.81,2026-02-14,0.878,True,货不对板,Size/fit issue,存在差异（货不对板 / 运输或质量瑕疵）,输,dataset
RG-000634,AMZ-P22521,Clothing · P22521,服饰鞋包,S6,海贸乱发(劣),Amazon,en,US,189.67,2025-08-13,0.831,True,货不对板,Size/fit issue,存在差异（货不对板 / 运输或质量瑕疵）,输,dataset
RG-000635,AMZ-P21166,Clothing · P21166,服饰鞋包,S7,锐捷制造,Amazon,en,US,76.57,2026-04-06,0.899,True,无明显瑕疵,Late delivery,一致（疑似非质量原因，倾向买家责任）,赢,dataset
RG-000636,AMZ-P22309,Electronics · P22309,3C数码,S6,海贸乱发(劣),Amazon,en,US,85.42,2026-07-23,0.881,True,商品缺件,Missing parts,存在差异（货不对板 / 运输或质量瑕疵）,部分退款,dataset
RG-000637,AMZ-P22747,Beauty · P22747,饰品配件,S3,鑫源电子(劣),Amazon,en,US,84.53,2025-07-31,0.89,True,功能故障,Quality issue,存在差异（货不对板 / 运输或质量瑕疵）,赢,dataset
RG-000638,AMZ-P22639,Electronics · P22639,3C数码,S7,锐捷制造,Amazon,en,US,135.56,2025-12-02,0.923,True,无明显瑕疵,Late delivery,一致（疑似非质量原因，倾向买家责任）,赢,dataset
RG-000639,AMZ-P22269,Home · P22269,小家电,S7,锐捷制造,Amazon,en,US,125.19,2025-10-30,0.903,True,无明显瑕疵,Duplicate order,一致（疑似非质量原因，倾向买家责任）,赢,dataset
RG-000640,AMZ-P22785,Electronics · P22785,3C数码,S7,锐捷制造,Amazon,en,US,53.8,2025-06-04,0.92,True,无明显瑕疵,Late delivery,一致（疑似非质量原因，倾向买家责任）,赢,dataset
RG-000641,AMZ-P20615,Electronics · P20615,3C数码,S7,锐捷制造,Amazon,en,US,33.51,2026-01-17,0.924,True,无明显瑕疵,Changed mind,一致（疑似非质量原因，倾向买家责任）,赢,dataset
RG-000642,AMZ-P23958,Home · P23958,小家电,S7,锐捷制造,Amazon,en,US,79.79,2025-03-20,0.927,True,无明显瑕疵,Duplicate order,一致（疑似非质量原因，倾向买家责任）,输,dataset
RG-000643,AMZ-P23292,Beauty · P23292,饰品配件,S7,锐捷制造,Amazon,en,US,19.56,2025-01-08,0.893,True,无明显瑕疵,Changed mind,一致（疑似非质量原因，倾向买家责任）,赢,dataset
RG-000644,AMZ-P20391,Toys · P20391,饰品配件,S3,鑫源电子(劣),Amazon,en,US,38.63,2026-01-08,0.851,True,功能故障,Quality issue,存在差异（货不对板 / 运输或质量瑕疵）,输,dataset
RG-000645,AMZ-P23165,Electronics · P23165,3C数码,S6,海贸乱发(劣),Amazon,en,US,127.41,2026-06-14,0.63,False,货不对板,Not as described,存在差异（货不对板 / 运输或质量瑕疵）,部分退款,dataset
RG-000646,AMZ-P20106,Home · P20106,小家电,S6,海贸乱发(劣),Amazon,en,US,117.45,2026-02-25,0.865,True,货不对板,Size/fit issue,存在差异（货不对板 / 运输或质量瑕疵）,输,dataset
RG-000647,AMZ-P23077,Clothing · P23077,服饰鞋包,S6,海贸乱发(劣),Amazon,en,US,49.03,2025-02-22,0.672,False,货不对板,Wrong item,存在差异（货不对板 / 运输或质量瑕疵）,输,dataset
RG-000648,AMZ-P22507,Books · P22507,饰品配件,S3,鑫源电子(劣),Amazon,en,US,43.27,2026-03-18,0.861,True,功能故障,Quality issue,存在差异（货不对板 / 运输或质量瑕疵）,输,dataset
RG-000649,AMZ-P20662,Home · P20662,小家电,S6,海贸乱发(劣),Amazon,en,US,25.83,2025-05-09,0.899,True,商品缺件,Missing parts,存在差异（货不对板 / 运输或质量瑕疵）,部分退款,dataset
RG-000650,AMZ-P22261,Electronics · P22261,3C数码,S3,鑫源电子(劣),Amazon,en,US,10.89,2025-05-03,0.892,True,功能故障,Quality issue,存在差异（货不对板 / 运输或质量瑕疵）,赢,dataset
RG-000651,AMZ-P21500,Home · P21500,小家电,S6,海贸乱发(劣),Amazon,en,US,184.11,2026-05-04,0.632,False,货不对板,Not as described,存在差异（货不对板 / 运输或质量瑕疵）,赢,dataset
RG-000652,AMZ-P21750,Clothing · P21750,服饰鞋包,S3,鑫源电子(劣),Amazon,en,US,516.63,2026-01-14,0.899,True,外包装破损,Damaged,存在差异（货不对板 / 运输或质量瑕疵）,赢,dataset
RG-000653,AMZ-P21988,Sports · P21988,服饰鞋包,S7,锐捷制造,Amazon,en,US,296.98,2025-06-01,0.903,True,无明显瑕疵,Late delivery,一致（疑似非质量原因，倾向买家责任）,部分退款,dataset
RG-000654,AMZ-P22854,Electronics · P22854,3C数码,S6,海贸乱发(劣),Amazon,en,US,271.86,2025-02-20,0.641,False,货不对板,Wrong item,存在差异（货不对板 / 运输或质量瑕疵）,输,dataset
RG-000655,AMZ-P21825,Electronics · P21825,3C数码,S7,锐捷制造,Amazon,en,US,216.32,2025-09-20,0.902,True,无明显瑕疵,Late delivery,一致（疑似非质量原因，倾向买家责任）,赢,dataset
RG-000656,AMZ-P23458,Clothing · P23458,服饰鞋包,S7,锐捷制造,Amazon,en,US,56.28,2025-08-04,0.946,True,无明显瑕疵,Duplicate order,一致（疑似非质量原因，倾向买家责任）,部分退款,dataset
RG-000657,AMZ-P22249,Books · P22249,饰品配件,S7,锐捷制造,Amazon,en,US,18.16,2026-06-02,0.896,True,无明显瑕疵,Duplicate order,一致（疑似非质量原因，倾向买家责任）,赢,dataset
RG-000658,AMZ-P22190,Home · P22190,小家电,S6,海贸乱发(劣),Amazon,en,US,89.15,2026-01-02,0.876,True,商品缺件,Missing parts,存在差异（货不对板 / 运输或质量瑕疵）,部分退款,dataset
RG-000659,AMZ-P20049,Electronics · P20049,3C数码,S6,海贸乱发(劣),Amazon,en,US,141.6,2026-07-18,0.651,False,货不对板,Not as described,存在差异（货不对板 / 运输或质量瑕疵）,输,dataset
RG-000660,AMZ-P20806,Electronics · P20806,3C数码,S6,海贸乱发(劣),Amazon,en,US,232.89,2025-09-19,0.617,False,货不对板,Wrong item,存在差异（货不对板 / 运输或质量瑕疵）,输,dataset
RG-000661,AMZ-P22447,Electronics · P22447,3C数码,S6,海贸乱发(劣),Amazon,en,US,180.17,2025-11-03,0.651,False,货不对板,Not as described,存在差异（货不对板 / 运输或质量瑕疵）,部分退款,dataset
RG-000662,AMZ-P20854,Clothing · P20854,服饰鞋包,S7,锐捷制造,Amazon,en,US,24.94,2025-08-12,0.887,True,无明显瑕疵,Duplicate order,一致（疑似非质量原因，倾向买家责任）,部分退款,dataset
RG-000663,AMZ-P22193,Electronics · P22193,3C数码,S6,海贸乱发(劣),Amazon,en,US,146.17,2025-12-21,0.612,False,货不对板,Wrong item,存在差异（货不对板 / 运输或质量瑕疵）,输,dataset
RG-000664,AMZ-P21291,Home · P21291,小家电,S6,海贸乱发(劣),Amazon,en,US,305.79,2026-04-03,0.884,True,商品缺件,Missing parts,存在差异（货不对板 / 运输或质量瑕疵）,赢,dataset
RG-000665,AMZ-P20025,Electronics · P20025,3C数码,S6,海贸乱发(劣),Amazon,en,US,74.68,2025-11-24,0.903,True,商品缺件,Missing parts,存在差异（货不对板 / 运输或质量瑕疵）,部分退款,dataset
RG-000666,AMZ-P22044,Sports · P22044,服饰鞋包,S6,海贸乱发(劣),Amazon,en,US,581.68,2025-02-08,0.658,False,货不对板,Not as described,存在差异（货不对板 / 运输或质量瑕疵）,输,dataset
RG-000667,AMZ-P23029,Clothing · P23029,服饰鞋包,S6,海贸乱发(劣),Amazon,en,US,748.16,2026-05-17,0.832,True,货不对板,Size/fit issue,存在差异（货不对板 / 运输或质量瑕疵）,输,dataset
RG-000668,AMZ-P23148,Clothing · P23148,服饰鞋包,S6,海贸乱发(劣),Amazon,en,US,86.32,2025-06-02,0.642,False,货不对板,Wrong item,存在差异（货不对板 / 运输或质量瑕疵）,输,dataset
RG-000669,AMZ-P20679,Books · P20679,饰品配件,S7,锐捷制造,Amazon,en,US,16.64,2025-01-11,0.931,True,无明显瑕疵,Duplicate order,一致（疑似非质量原因，倾向买家责任）,赢,dataset
RG-000670,AMZ-P20251,Sports · P20251,服饰鞋包,S7,锐捷制造,Amazon,en,US,44.22,2025-10-21,0.901,True,无明显瑕疵,Changed mind,一致（疑似非质量原因，倾向买家责任）,赢,dataset
RG-000671,AMZ-P23684,Books · P23684,饰品配件,S6,海贸乱发(劣),Amazon,en,US,97.54,2025-04-24,0.6,False,货不对板,Wrong item,存在差异（货不对板 / 运输或质量瑕疵）,输,dataset
RG-000672,AMZ-P20236,Electronics · P20236,3C数码,S6,海贸乱发(劣),Amazon,en,US,16.52,2026-07-02,0.639,False,货不对板,Not as described,存在差异（货不对板 / 运输或质量瑕疵）,输,dataset
RG-000673,AMZ-P22221,Toys · P22221,饰品配件,S3,鑫源电子(劣),Amazon,en,US,57.16,2025-06-25,0.87,True,功能故障,Quality issue,存在差异（货不对板 / 运输或质量瑕疵）,部分退款,dataset
RG-000674,AMZ-P22874,Electronics · P22874,3C数码,S6,海贸乱发(劣),Amazon,en,US,47.73,2026-05-26,0.837,True,货不对板,Size/fit issue,存在差异（货不对板 / 运输或质量瑕疵）,输,dataset
RG-000675,AMZ-P20060,Electronics · P20060,3C数码,S6,海贸乱发(劣),Amazon,en,US,32.8,2026-02-27,0.813,False,货不对板,Size/fit issue,存在差异（货不对板 / 运输或质量瑕疵）,部分退款,dataset
RG-000676,AMZ-P23948,Electronics · P23948,3C数码,S6,海贸乱发(劣),Amazon,en,US,113.14,2025-03-06,0.862,True,货不对板,Size/fit issue,存在差异（货不对板 / 运输或质量瑕疵）,部分退款,dataset
RG-000677,AMZ-P20639,Electronics · P20639,3C数码,S6,海贸乱发(劣),Amazon,en,US,112.42,2026-06-26,0.883,True,商品缺件,Missing parts,存在差异（货不对板 / 运输或质量瑕疵）,输,dataset
RG-000678,AMZ-P22806,Electronics · P22806,3C数码,S6,海贸乱发(劣),Amazon,en,US,339.08,2026-03-07,0.857,True,货不对板,Size/fit issue,存在差异（货不对板 / 运输或质量瑕疵）,赢,dataset
RG-000679,AMZ-P20460,Home · P20460,小家电,S7,锐捷制造,Amazon,en,US,103.18,2026-01-01,0.876,True,无明显瑕疵,Late delivery,一致（疑似非质量原因，倾向买家责任）,输,dataset
RG-000680,AMZ-P23312,Home · P23312,小家电,S7,锐捷制造,Amazon,en,US,62.67,2026-01-04,0.939,True,无明显瑕疵,Changed mind,一致（疑似非质量原因，倾向买家责任）,赢,dataset
RG-000681,AMZ-P22242,Home · P22242,小家电,S6,海贸乱发(劣),Amazon,en,US,64.47,2025-10-24,0.855,True,商品缺件,Missing parts,存在差异（货不对板 / 运输或质量瑕疵）,部分退款,dataset
RG-000682,AMZ-P23164,Electronics · P23164,3C数码,S6,海贸乱发(劣),Amazon,en,US,280.37,2024-12-24,0.848,True,货不对板,Size/fit issue,存在差异（货不对板 / 运输或质量瑕疵）,输,dataset
RG-000683,AMZ-P20481,Home · P20481,小家电,S3,鑫源电子(劣),Amazon,en,US,64.04,2025-09-10,0.847,True,功能故障,Quality issue,存在差异（货不对板 / 运输或质量瑕疵）,输,dataset
RG-000684,AMZ-P21990,Sports · P21990,服饰鞋包,S3,鑫源电子(劣),Amazon,en,US,131.73,2026-08-06,0.844,True,功能故障,Quality issue,存在差异（货不对板 / 运输或质量瑕疵）,输,dataset
RG-000685,AMZ-P20861,Clothing · P20861,服饰鞋包,S3,鑫源电子(劣),Amazon,en,US,144.46,2026-08-07,0.899,True,功能故障,Quality issue,存在差异（货不对板 / 运输或质量瑕疵）,赢,dataset
RG-000686,AMZ-P23483,Toys · P23483,饰品配件,S6,海贸乱发(劣),Amazon,en,US,146.15,2025-02-17,0.624,False,货不对板,Not as described,存在差异（货不对板 / 运输或质量瑕疵）,输,dataset
RG-000687,AMZ-P21939,Beauty · P21939,饰品配件,S6,海贸乱发(劣),Amazon,en,US,20.17,2026-04-28,0.639,False,货不对板,Not as described,存在差异（货不对板 / 运输或质量瑕疵）,输,dataset
RG-000688,AMZ-P20994,Books · P20994,饰品配件,S6,海贸乱发(劣),Amazon,en,US,99.42,2025-06-19,0.872,True,商品缺件,Missing parts,存在差异（货不对板 / 运输或质量瑕疵）,输,dataset
RG-000689,AMZ-P21676,Home · P21676,小家电,S3,鑫源电子(劣),Amazon,en,US,217.03,2025-05-01,0.857,True,功能故障,Quality issue,存在差异（货不对板 / 运输或质量瑕疵）,部分退款,dataset
RG-000690,AMZ-P23625,Electronics · P23625,3C数码,S6,海贸乱发(劣),Amazon,en,US,63.95,2026-07-15,0.875,True,商品缺件,Missing parts,存在差异（货不对板 / 运输或质量瑕疵）,输,dataset
RG-000691,AMZ-P20546,Electronics · P20546,3C数码,S6,海贸乱发(劣),Amazon,en,US,83.98,2025-05-01,0.639,False,货不对板,Wrong item,存在差异（货不对板 / 运输或质量瑕疵）,输,dataset
RG-000692,AMZ-P21016,Home · P21016,小家电,S7,锐捷制造,Amazon,en,US,1040.52,2025-09-10,0.922,True,无明显瑕疵,Changed mind,一致（疑似非质量原因，倾向买家责任）,赢,dataset
RG-000693,AMZ-P21089,Clothing · P21089,服饰鞋包,S3,鑫源电子(劣),Amazon,en,US,763.37,2026-01-09,0.899,True,功能故障,Quality issue,存在差异（货不对板 / 运输或质量瑕疵）,输,dataset
RG-000694,AMZ-P22637,Home · P22637,小家电,S6,海贸乱发(劣),Amazon,en,US,147.13,2026-05-25,0.819,False,货不对板,Size/fit issue,存在差异（货不对板 / 运输或质量瑕疵）,输,dataset
RG-000695,AMZ-P23624,Electronics · P23624,3C数码,S7,锐捷制造,Amazon,en,US,101.3,2025-05-06,0.914,True,无明显瑕疵,Changed mind,一致（疑似非质量原因，倾向买家责任）,部分退款,dataset
RG-000696,AMZ-P21676,Beauty · P21676,饰品配件,S6,海贸乱发(劣),Amazon,en,US,240.01,2025-02-20,0.843,True,商品缺件,Missing parts,存在差异（货不对板 / 运输或质量瑕疵）,输,dataset
RG-000697,AMZ-P20529,Clothing · P20529,服饰鞋包,S7,锐捷制造,Amazon,en,US,35.96,2026-01-25,0.888,True,无明显瑕疵,Duplicate order,一致（疑似非质量原因，倾向买家责任）,赢,dataset
RG-000698,AMZ-P23818,Home · P23818,小家电,S3,鑫源电子(劣),Amazon,en,US,43.91,2026-04-26,0.88,True,功能故障,Quality issue,存在差异（货不对板 / 运输或质量瑕疵）,输,dataset
RG-000699,AMZ-P22336,Clothing · P22336,服饰鞋包,S7,锐捷制造,Amazon,en,US,138.12,2026-01-05,0.919,True,无明显瑕疵,Duplicate order,一致（疑似非质量原因，倾向买家责任）,赢,dataset
RG-000700,AMZ-P21389,Toys · P21389,饰品配件,S6,海贸乱发(劣),Amazon,en,US,58.38,2026-04-06,0.658,False,货不对板,Wrong item,存在差异（货不对板 / 运输或质量瑕疵）,输,dataset
RG-000701,AMZ-P23640,Electronics · P23640,3C数码,S6,海贸乱发(劣),Amazon,en,US,133.55,2025-08-23,0.628,False,货不对板,Not as described,存在差异（货不对板 / 运输或质量瑕疵）,输,dataset
RG-000702,AMZ-P23718,Electronics · P23718,3C数码,S7,锐捷制造,Amazon,en,US,84.12,2025-07-08,0.885,True,无明显瑕疵,Changed mind,一致（疑似非质量原因，倾向买家责任）,赢,dataset
RG-000703,AMZ-P23511,Home · P23511,小家电,S3,鑫源电子(劣),Amazon,en,US,121.47,2025-01-07,0.872,True,外包装破损,Damaged,存在差异（货不对板 / 运输或质量瑕疵）,输,dataset
RG-000704,AMZ-P21623,Beauty · P21623,饰品配件,S3,鑫源电子(劣),Amazon,en,US,39.06,2025-09-05,0.854,True,功能故障,Quality issue,存在差异（货不对板 / 运输或质量瑕疵）,部分退款,dataset
RG-000705,AMZ-P22421,Home · P22421,小家电,S3,鑫源电子(劣),Amazon,en,US,209.88,2026-06-11,0.887,True,外包装破损,Damaged,存在差异（货不对板 / 运输或质量瑕疵）,输,dataset
RG-000706,AMZ-P22221,Toys · P22221,饰品配件,S7,锐捷制造,Amazon,en,US,521.91,2025-05-09,0.959,True,无明显瑕疵,Late delivery,一致（疑似非质量原因，倾向买家责任）,赢,dataset
RG-000707,AMZ-P22712,Clothing · P22712,服饰鞋包,S7,锐捷制造,Amazon,en,US,119.48,2025-03-17,0.98,True,无明显瑕疵,Changed mind,一致（疑似非质量原因，倾向买家责任）,部分退款,dataset
RG-000708,AMZ-P20754,Home · P20754,小家电,S7,锐捷制造,Amazon,en,US,175.72,2025-06-18,0.889,True,无明显瑕疵,Changed mind,一致（疑似非质量原因，倾向买家责任）,赢,dataset
RG-000709,AMZ-P23899,Beauty · P23899,饰品配件,S3,鑫源电子(劣),Amazon,en,US,56.21,2025-04-24,0.875,True,外包装破损,Damaged,存在差异（货不对板 / 运输或质量瑕疵）,输,dataset
RG-000710,AMZ-P23514,Electronics · P23514,3C数码,S6,海贸乱发(劣),Amazon,en,US,113.11,2026-02-22,0.831,True,货不对板,Size/fit issue,存在差异（货不对板 / 运输或质量瑕疵）,输,dataset
RG-000711,AMZ-P21263,Home · P21263,小家电,S6,海贸乱发(劣),Amazon,en,US,175.08,2026-06-13,0.632,False,货不对板,Wrong item,存在差异（货不对板 / 运输或质量瑕疵）,输,dataset
RG-000712,AMZ-P20711,Home · P20711,小家电,S6,海贸乱发(劣),Amazon,en,US,34.02,2026-03-03,0.641,False,货不对板,Wrong item,存在差异（货不对板 / 运输或质量瑕疵）,部分退款,dataset
RG-000713,AMZ-P21857,Home · P21857,小家电,S6,海贸乱发(劣),Amazon,en,US,175.22,2026-07-24,0.826,True,货不对板,Size/fit issue,存在差异（货不对板 / 运输或质量瑕疵）,部分退款,dataset
RG-000714,AMZ-P20983,Clothing · P20983,服饰鞋包,S6,海贸乱发(劣),Amazon,en,US,118.6,2026-04-06,0.634,False,货不对板,Not as described,存在差异（货不对板 / 运输或质量瑕疵）,输,dataset
RG-000715,AMZ-P21228,Clothing · P21228,服饰鞋包,S6,海贸乱发(劣),Amazon,en,US,230.11,2026-02-25,0.628,False,货不对板,Wrong item,存在差异（货不对板 / 运输或质量瑕疵）,输,dataset
RG-000716,AMZ-P22135,Beauty · P22135,饰品配件,S6,海贸乱发(劣),Amazon,en,US,31.38,2026-02-05,0.854,True,商品缺件,Missing parts,存在差异（货不对板 / 运输或质量瑕疵）,输,dataset
RG-000717,AMZ-P21696,Electronics · P21696,3C数码,S6,海贸乱发(劣),Amazon,en,US,55.73,2025-03-21,0.846,True,货不对板,Size/fit issue,存在差异（货不对板 / 运输或质量瑕疵）,部分退款,dataset
RG-000718,AMZ-P21738,Home · P21738,小家电,S6,海贸乱发(劣),Amazon,en,US,394.14,2026-02-10,0.654,False,货不对板,Wrong item,存在差异（货不对板 / 运输或质量瑕疵）,输,dataset
RG-000719,AMZ-P20183,Beauty · P20183,饰品配件,S3,鑫源电子(劣),Amazon,en,US,606.76,2026-06-04,0.855,True,外包装破损,Damaged,存在差异（货不对板 / 运输或质量瑕疵）,赢,dataset
RG-000720,AMZ-P22109,Books · P22109,饰品配件,S6,海贸乱发(劣),Amazon,en,US,75.68,2025-06-21,0.619,False,货不对板,Not as described,存在差异（货不对板 / 运输或质量瑕疵）,输,dataset
RG-000721,AMZ-P21876,Clothing · P21876,服饰鞋包,S7,锐捷制造,Amazon,en,US,121.56,2026-07-25,0.923,True,无明显瑕疵,Changed mind,一致（疑似非质量原因，倾向买家责任）,赢,dataset
RG-000722,AMZ-P23826,Home · P23826,小家电,S3,鑫源电子(劣),Amazon,en,US,74.23,2025-06-06,0.896,True,功能故障,Quality issue,存在差异（货不对板 / 运输或质量瑕疵）,部分退款,dataset
RG-000723,AMZ-P21905,Electronics · P21905,3C数码,S7,锐捷制造,Amazon,en,US,233.99,2025-01-20,0.923,True,无明显瑕疵,Late delivery,一致（疑似非质量原因，倾向买家责任）,赢,dataset
RG-000724,AMZ-P23834,Electronics · P23834,3C数码,S6,海贸乱发(劣),Amazon,en,US,48.96,2025-07-03,0.63,False,货不对板,Wrong item,存在差异（货不对板 / 运输或质量瑕疵）,赢,dataset
RG-000725,AMZ-P23081,Clothing · P23081,服饰鞋包,S6,海贸乱发(劣),Amazon,en,US,217.74,2026-03-24,0.624,False,货不对板,Wrong item,存在差异（货不对板 / 运输或质量瑕疵）,赢,dataset
RG-000726,AMZ-P20720,Home · P20720,小家电,S6,海贸乱发(劣),Amazon,en,US,221.19,2025-07-27,0.811,False,货不对板,Size/fit issue,存在差异（货不对板 / 运输或质量瑕疵）,赢,dataset
RG-000727,AMZ-P23273,Clothing · P23273,服饰鞋包,S7,锐捷制造,Amazon,en,US,75.95,2025-01-15,0.888,True,无明显瑕疵,Duplicate order,一致（疑似非质量原因，倾向买家责任）,赢,dataset
RG-000728,AMZ-P21235,Electronics · P21235,3C数码,S6,海贸乱发(劣),Amazon,en,US,85.35,2025-07-03,0.855,True,商品缺件,Missing parts,存在差异（货不对板 / 运输或质量瑕疵）,输,dataset
RG-000729,AMZ-P21315,Toys · P21315,饰品配件,S7,锐捷制造,Amazon,en,US,85.96,2026-06-27,0.925,True,无明显瑕疵,Late delivery,一致（疑似非质量原因，倾向买家责任）,赢,dataset
RG-000730,AMZ-P21169,Electronics · P21169,3C数码,S6,海贸乱发(劣),Amazon,en,US,33.37,2026-04-07,0.607,False,货不对板,Wrong item,存在差异（货不对板 / 运输或质量瑕疵）,输,dataset
RG-000731,AMZ-P23442,Electronics · P23442,3C数码,S7,锐捷制造,Amazon,en,US,464.33,2025-08-01,0.949,True,无明显瑕疵,Duplicate order,一致（疑似非质量原因，倾向买家责任）,赢,dataset
RG-000732,AMZ-P21437,Home · P21437,小家电,S6,海贸乱发(劣),Amazon,en,US,14.33,2025-04-20,0.886,True,商品缺件,Missing parts,存在差异（货不对板 / 运输或质量瑕疵）,输,dataset
RG-000733,AMZ-P20557,Home · P20557,小家电,S6,海贸乱发(劣),Amazon,en,US,163.61,2025-12-28,0.626,False,货不对板,Not as described,存在差异（货不对板 / 运输或质量瑕疵）,输,dataset
RG-000734,AMZ-P21598,Sports · P21598,服饰鞋包,S6,海贸乱发(劣),Amazon,en,US,109.79,2025-08-08,0.644,False,货不对板,Not as described,存在差异（货不对板 / 运输或质量瑕疵）,赢,dataset
RG-000735,AMZ-P22703,Home · P22703,小家电,S6,海贸乱发(劣),Amazon,en,US,74.74,2025-08-27,0.831,True,货不对板,Size/fit issue,存在差异（货不对板 / 运输或质量瑕疵）,输,dataset
RG-000736,AMZ-P23796,Clothing · P23796,服饰鞋包,S6,海贸乱发(劣),Amazon,en,US,49.21,2026-06-06,0.869,True,商品缺件,Missing parts,存在差异（货不对板 / 运输或质量瑕疵）,输,dataset
RG-000737,AMZ-P21539,Home · P21539,小家电,S6,海贸乱发(劣),Amazon,en,US,1447.16,2025-09-04,0.614,False,货不对板,Not as described,存在差异（货不对板 / 运输或质量瑕疵）,输,dataset
RG-000738,AMZ-P22203,Home · P22203,小家电,S6,海贸乱发(劣),Amazon,en,US,25.23,2026-03-02,0.6,False,货不对板,Not as described,存在差异（货不对板 / 运输或质量瑕疵）,部分退款,dataset
RG-000739,AMZ-P22972,Home · P22972,小家电,S7,锐捷制造,Amazon,en,US,191.06,2026-06-17,0.878,True,无明显瑕疵,Late delivery,一致（疑似非质量原因，倾向买家责任）,赢,dataset
RG-000740,AMZ-P22901,Clothing · P22901,服饰鞋包,S7,锐捷制造,Amazon,en,US,129.16,2026-08-01,0.944,True,无明显瑕疵,Late delivery,一致（疑似非质量原因，倾向买家责任）,赢,dataset
RG-000741,AMZ-P21746,Books · P21746,饰品配件,S7,锐捷制造,Amazon,en,US,118.16,2025-10-02,0.899,True,无明显瑕疵,Late delivery,一致（疑似非质量原因，倾向买家责任）,输,dataset
RG-000742,AMZ-P23001,Clothing · P23001,服饰鞋包,S7,锐捷制造,Amazon,en,US,25.62,2025-05-20,0.908,True,无明显瑕疵,Late delivery,一致（疑似非质量原因，倾向买家责任）,部分退款,dataset
RG-000743,AMZ-P21504,Home · P21504,小家电,S7,锐捷制造,Amazon,en,US,24.61,2025-03-05,0.909,True,无明显瑕疵,Changed mind,一致（疑似非质量原因，倾向买家责任）,赢,dataset
RG-000744,AMZ-P21459,Toys · P21459,饰品配件,S7,锐捷制造,Amazon,en,US,12.68,2025-11-15,0.875,True,无明显瑕疵,Late delivery,一致（疑似非质量原因，倾向买家责任）,赢,dataset
RG-000745,AMZ-P22136,Home · P22136,小家电,S6,海贸乱发(劣),Amazon,en,US,606.57,2025-05-05,0.613,False,货不对板,Wrong item,存在差异（货不对板 / 运输或质量瑕疵）,部分退款,dataset
RG-000746,AMZ-P23559,Clothing · P23559,服饰鞋包,S6,海贸乱发(劣),Amazon,en,US,189.23,2025-06-26,0.649,False,货不对板,Wrong item,存在差异（货不对板 / 运输或质量瑕疵）,输,dataset
RG-000747,AMZ-P22272,Electronics · P22272,3C数码,S7,锐捷制造,Amazon,en,US,360.48,2026-05-02,0.895,True,无明显瑕疵,Duplicate order,一致（疑似非质量原因，倾向买家责任）,部分退款,dataset
RG-000748,AMZ-P21224,Clothing · P21224,服饰鞋包,S7,锐捷制造,Amazon,en,US,84.25,2026-02-06,0.955,True,无明显瑕疵,Changed mind,一致（疑似非质量原因，倾向买家责任）,赢,dataset
RG-000749,AMZ-P22413,Home · P22413,小家电,S3,鑫源电子(劣),Amazon,en,US,85.66,2025-11-11,0.844,True,外包装破损,Damaged,存在差异（货不对板 / 运输或质量瑕疵）,输,dataset
RG-000750,AMZ-P20805,Toys · P20805,饰品配件,S6,海贸乱发(劣),Amazon,en,US,92.52,2025-12-16,0.654,False,货不对板,Not as described,存在差异（货不对板 / 运输或质量瑕疵）,输,dataset
RG-000751,AMZ-P20358,Home · P20358,小家电,S7,锐捷制造,Amazon,en,US,116.07,2025-08-28,0.918,True,无明显瑕疵,Duplicate order,一致（疑似非质量原因，倾向买家责任）,赢,dataset
RG-000752,AMZ-P23616,Books · P23616,饰品配件,S6,海贸乱发(劣),Amazon,en,US,27.28,2025-05-06,0.834,True,货不对板,Size/fit issue,存在差异（货不对板 / 运输或质量瑕疵）,部分退款,dataset
RG-000753,AMZ-P23684,Sports · P23684,服饰鞋包,S7,锐捷制造,Amazon,en,US,244.16,2026-03-25,0.914,True,无明显瑕疵,Late delivery,一致（疑似非质量原因，倾向买家责任）,赢,dataset
RG-000754,AMZ-P23624,Home · P23624,小家电,S7,锐捷制造,Amazon,en,US,518.36,2026-05-07,0.915,True,无明显瑕疵,Late delivery,一致（疑似非质量原因，倾向买家责任）,赢,dataset
RG-000755,AMZ-P23727,Beauty · P23727,饰品配件,S7,锐捷制造,Amazon,en,US,133.9,2025-12-13,0.91,True,无明显瑕疵,Late delivery,一致（疑似非质量原因，倾向买家责任）,赢,dataset
RG-000756,AMZ-P20393,Clothing · P20393,服饰鞋包,S3,鑫源电子(劣),Amazon,en,US,349.67,2025-05-15,0.881,True,外包装破损,Damaged,存在差异（货不对板 / 运输或质量瑕疵）,赢,dataset
RG-000757,AMZ-P20900,Electronics · P20900,3C数码,S6,海贸乱发(劣),Amazon,en,US,107.84,2026-02-26,0.876,True,货不对板,Size/fit issue,存在差异（货不对板 / 运输或质量瑕疵）,输,dataset
RG-000758,AMZ-P22325,Clothing · P22325,服饰鞋包,S6,海贸乱发(劣),Amazon,en,US,28.07,2025-03-05,0.649,False,货不对板,Wrong item,存在差异（货不对板 / 运输或质量瑕疵）,输,dataset
RG-000759,AMZ-P23888,Toys · P23888,饰品配件,S3,鑫源电子(劣),Amazon,en,US,51.41,2025-11-19,0.848,True,外包装破损,Damaged,存在差异（货不对板 / 运输或质量瑕疵）,输,dataset
RG-000760,AMZ-P22066,Beauty · P22066,饰品配件,S6,海贸乱发(劣),Amazon,en,US,43.27,2026-01-17,0.88,True,商品缺件,Missing parts,存在差异（货不对板 / 运输或质量瑕疵）,输,dataset
RG-000761,AMZ-P22788,Beauty · P22788,饰品配件,S6,海贸乱发(劣),Amazon,en,US,107.88,2026-05-09,0.853,True,商品缺件,Missing parts,存在差异（货不对板 / 运输或质量瑕疵）,输,dataset
RG-000762,AMZ-P20611,Clothing · P20611,服饰鞋包,S6,海贸乱发(劣),Amazon,en,US,133.74,2025-09-12,0.637,False,货不对板,Wrong item,存在差异（货不对板 / 运输或质量瑕疵）,输,dataset
RG-000763,AMZ-P21547,Books · P21547,饰品配件,S6,海贸乱发(劣),Amazon,en,US,112.12,2025-10-27,0.906,True,商品缺件,Missing parts,存在差异（货不对板 / 运输或质量瑕疵）,赢,dataset
RG-000764,AMZ-P21327,Beauty · P21327,饰品配件,S6,海贸乱发(劣),Amazon,en,US,209.4,2025-08-09,0.867,True,货不对板,Size/fit issue,存在差异（货不对板 / 运输或质量瑕疵）,输,dataset
RG-000765,AMZ-P21822,Toys · P21822,饰品配件,S3,鑫源电子(劣),Amazon,en,US,253.45,2026-04-08,0.85,True,功能故障,Quality issue,存在差异（货不对板 / 运输或质量瑕疵）,输,dataset
RG-000766,AMZ-P22075,Electronics · P22075,3C数码,S6,海贸乱发(劣),Amazon,en,US,63.04,2026-04-06,0.846,True,货不对板,Size/fit issue,存在差异（货不对板 / 运输或质量瑕疵）,赢,dataset
RG-000767,AMZ-P21935,Home · P21935,小家电,S7,锐捷制造,Amazon,en,US,1869.9,2025-01-15,0.878,True,无明显瑕疵,Late delivery,一致（疑似非质量原因，倾向买家责任）,赢,dataset
RG-000768,AMZ-P20264,Home · P20264,小家电,S7,锐捷制造,Amazon,en,US,99.59,2025-04-09,0.905,True,无明显瑕疵,Late delivery,一致（疑似非质量原因，倾向买家责任）,部分退款,dataset
RG-000769,AMZ-P21070,Electronics · P21070,3C数码,S3,鑫源电子(劣),Amazon,en,US,18.0,2025-04-01,0.895,True,功能故障,Quality issue,存在差异（货不对板 / 运输或质量瑕疵）,输,dataset
RG-000770,AMZ-P22472,Beauty · P22472,饰品配件,S6,海贸乱发(劣),Amazon,en,US,60.62,2025-07-24,0.848,True,商品缺件,Missing parts,存在差异（货不对板 / 运输或质量瑕疵）,赢,dataset
RG-000771,AMZ-P23881,Home · P23881,小家电,S3,鑫源电子(劣),Amazon,en,US,44.39,2025-07-26,0.856,True,功能故障,Quality issue,存在差异（货不对板 / 运输或质量瑕疵）,赢,dataset
RG-000772,AMZ-P21313,Electronics · P21313,3C数码,S7,锐捷制造,Amazon,en,US,96.02,2026-02-03,0.905,True,无明显瑕疵,Changed mind,一致（疑似非质量原因，倾向买家责任）,赢,dataset
RG-000773,AMZ-P21073,Home · P21073,小家电,S6,海贸乱发(劣),Amazon,en,US,180.23,2025-07-01,0.845,True,货不对板,Size/fit issue,存在差异（货不对板 / 运输或质量瑕疵）,部分退款,dataset
RG-000774,AMZ-P23722,Toys · P23722,饰品配件,S7,锐捷制造,Amazon,en,US,145.78,2025-09-06,0.899,True,无明显瑕疵,Duplicate order,一致（疑似非质量原因，倾向买家责任）,赢,dataset
RG-000775,AMZ-P22688,Home · P22688,小家电,S6,海贸乱发(劣),Amazon,en,US,89.46,2025-03-04,0.636,False,货不对板,Wrong item,存在差异（货不对板 / 运输或质量瑕疵）,赢,dataset
RG-000776,AMZ-P21336,Home · P21336,小家电,S6,海贸乱发(劣),Amazon,en,US,54.28,2024-12-27,0.601,False,货不对板,Not as described,存在差异（货不对板 / 运输或质量瑕疵）,输,dataset
RG-000777,AMZ-P23595,Home · P23595,小家电,S3,鑫源电子(劣),Amazon,en,US,139.36,2026-07-20,0.899,True,功能故障,Quality issue,存在差异（货不对板 / 运输或质量瑕疵）,部分退款,dataset
RG-000778,AMZ-P23940,Clothing · P23940,服饰鞋包,S6,海贸乱发(劣),Amazon,en,US,88.38,2026-02-19,0.916,True,商品缺件,Missing parts,存在差异（货不对板 / 运输或质量瑕疵）,部分退款,dataset
RG-000779,AMZ-P23499,Home · P23499,小家电,S6,海贸乱发(劣),Amazon,en,US,164.65,2025-12-15,0.642,False,货不对板,Wrong item,存在差异（货不对板 / 运输或质量瑕疵）,输,dataset
RG-000780,AMZ-P22894,Books · P22894,饰品配件,S7,锐捷制造,Amazon,en,US,21.02,2026-05-03,0.917,True,无明显瑕疵,Duplicate order,一致（疑似非质量原因，倾向买家责任）,赢,dataset
RG-000781,AMZ-P22578,Electronics · P22578,3C数码,S6,海贸乱发(劣),Amazon,en,US,178.11,2025-04-09,0.606,False,货不对板,Not as described,存在差异（货不对板 / 运输或质量瑕疵）,输,dataset
RG-000782,AMZ-P20132,Beauty · P20132,饰品配件,S7,锐捷制造,Amazon,en,US,25.86,2025-03-21,0.926,True,无明显瑕疵,Duplicate order,一致（疑似非质量原因，倾向买家责任）,赢,dataset
RG-000783,AMZ-P20472,Home · P20472,小家电,S6,海贸乱发(劣),Amazon,en,US,53.07,2026-06-21,0.821,True,货不对板,Size/fit issue,存在差异（货不对板 / 运输或质量瑕疵）,输,dataset
RG-000784,AMZ-P23446,Sports · P23446,服饰鞋包,S6,海贸乱发(劣),Amazon,en,US,18.86,2024-12-31,0.87,True,商品缺件,Missing parts,存在差异（货不对板 / 运输或质量瑕疵）,输,dataset
RG-000785,AMZ-P23387,Clothing · P23387,服饰鞋包,S3,鑫源电子(劣),Amazon,en,US,236.5,2026-04-23,0.863,True,功能故障,Quality issue,存在差异（货不对板 / 运输或质量瑕疵）,部分退款,dataset
RG-000786,AMZ-P22174,Sports · P22174,服饰鞋包,S6,海贸乱发(劣),Amazon,en,US,167.86,2025-10-23,0.612,False,货不对板,Wrong item,存在差异（货不对板 / 运输或质量瑕疵）,输,dataset
RG-000787,AMZ-P22242,Electronics · P22242,3C数码,S3,鑫源电子(劣),Amazon,en,US,371.65,2025-05-18,0.892,True,外包装破损,Damaged,存在差异（货不对板 / 运输或质量瑕疵）,输,dataset
RG-000788,AMZ-P21492,Toys · P21492,饰品配件,S6,海贸乱发(劣),Amazon,en,US,9.34,2025-08-21,0.649,False,货不对板,Wrong item,存在差异（货不对板 / 运输或质量瑕疵）,输,dataset
RG-000789,AMZ-P20206,Clothing · P20206,服饰鞋包,S7,锐捷制造,Amazon,en,US,52.54,2025-10-16,0.91,True,无明显瑕疵,Late delivery,一致（疑似非质量原因，倾向买家责任）,部分退款,dataset
RG-000790,AMZ-P22347,Clothing · P22347,服饰鞋包,S6,海贸乱发(劣),Amazon,en,US,109.25,2025-10-15,0.66,False,货不对板,Not as described,存在差异（货不对板 / 运输或质量瑕疵）,赢,dataset
RG-000791,AMZ-P21158,Electronics · P21158,3C数码,S6,海贸乱发(劣),Amazon,en,US,53.74,2026-05-18,0.91,True,商品缺件,Missing parts,存在差异（货不对板 / 运输或质量瑕疵）,输,dataset
RG-000792,AMZ-P23934,Books · P23934,饰品配件,S6,海贸乱发(劣),Amazon,en,US,66.81,2026-01-07,0.866,True,商品缺件,Missing parts,存在差异（货不对板 / 运输或质量瑕疵）,赢,dataset
RG-000793,AMZ-P20201,Home · P20201,小家电,S6,海贸乱发(劣),Amazon,en,US,75.72,2025-03-28,0.879,True,商品缺件,Missing parts,存在差异（货不对板 / 运输或质量瑕疵）,输,dataset
RG-000794,AMZ-P20253,Books · P20253,饰品配件,S6,海贸乱发(劣),Amazon,en,US,119.54,2025-07-21,0.894,True,商品缺件,Missing parts,存在差异（货不对板 / 运输或质量瑕疵）,赢,dataset
RG-000795,AMZ-P22235,Electronics · P22235,3C数码,S6,海贸乱发(劣),Amazon,en,US,169.36,2025-06-29,0.885,True,商品缺件,Missing parts,存在差异（货不对板 / 运输或质量瑕疵）,输,dataset
RG-000796,AMZ-P22002,Books · P22002,饰品配件,S6,海贸乱发(劣),Amazon,en,US,667.34,2026-01-07,0.883,True,商品缺件,Missing parts,存在差异（货不对板 / 运输或质量瑕疵）,赢,dataset
RG-000797,AMZ-P20244,Electronics · P20244,3C数码,S6,海贸乱发(劣),Amazon,en,US,98.93,2025-12-13,0.868,True,货不对板,Size/fit issue,存在差异（货不对板 / 运输或质量瑕疵）,部分退款,dataset
RG-000798,AMZ-P21518,Electronics · P21518,3C数码,S6,海贸乱发(劣),Amazon,en,US,225.63,2025-10-04,0.613,False,货不对板,Wrong item,存在差异（货不对板 / 运输或质量瑕疵）,输,dataset
RG-000799,AMZ-P23739,Books · P23739,饰品配件,S3,鑫源电子(劣),Amazon,en,US,236.35,2026-08-06,0.884,True,外包装破损,Damaged,存在差异（货不对板 / 运输或质量瑕疵）,输,dataset
RG-000800,AMZ-P20583,Clothing · P20583,服饰鞋包,S6,海贸乱发(劣),Amazon,en,US,182.68,2025-11-20,0.66,False,货不对板,Not as described,存在差异（货不对板 / 运输或质量瑕疵）,输,dataset
RG-000801,AMZ-P23945,Home · P23945,小家电,S7,锐捷制造,Amazon,en,US,104.51,2025-01-25,0.873,True,无明显瑕疵,Late delivery,一致（疑似非质量原因，倾向买家责任）,赢,dataset
RG-000802,AMZ-P23413,Clothing · P23413,服饰鞋包,S3,鑫源电子(劣),Amazon,en,US,168.92,2026-01-17,0.854,True,外包装破损,Damaged,存在差异（货不对板 / 运输或质量瑕疵）,部分退款,dataset
RG-000803,AMZ-P21772,Clothing · P21772,服饰鞋包,S3,鑫源电子(劣),Amazon,en,US,208.15,2025-06-15,0.903,True,外包装破损,Damaged,存在差异（货不对板 / 运输或质量瑕疵）,赢,dataset
RG-000804,AMZ-P21140,Home · P21140,小家电,S6,海贸乱发(劣),Amazon,en,US,92.48,2025-06-10,0.871,True,货不对板,Size/fit issue,存在差异（货不对板 / 运输或质量瑕疵）,部分退款,dataset
RG-000805,AMZ-P22196,Books · P22196,饰品配件,S3,鑫源电子(劣),Amazon,en,US,51.79,2025-03-30,0.864,True,功能故障,Quality issue,存在差异（货不对板 / 运输或质量瑕疵）,赢,dataset
RG-000806,AMZ-P23227,Electronics · P23227,3C数码,S6,海贸乱发(劣),Amazon,en,US,52.73,2025-10-31,0.843,True,货不对板,Size/fit issue,存在差异（货不对板 / 运输或质量瑕疵）,输,dataset
RG-000807,AMZ-P22439,Toys · P22439,饰品配件,S3,鑫源电子(劣),Amazon,en,US,117.75,2025-12-19,0.877,True,功能故障,Quality issue,存在差异（货不对板 / 运输或质量瑕疵）,输,dataset
RG-000808,AMZ-P23093,Toys · P23093,饰品配件,S6,海贸乱发(劣),Amazon,en,US,100.1,2025-09-16,0.853,True,货不对板,Size/fit issue,存在差异（货不对板 / 运输或质量瑕疵）,赢,dataset
RG-000809,AMZ-P22189,Electronics · P22189,3C数码,S6,海贸乱发(劣),Amazon,en,US,142.25,2026-03-02,0.835,True,货不对板,Size/fit issue,存在差异（货不对板 / 运输或质量瑕疵）,赢,dataset
RG-000810,AMZ-P21867,Clothing · P21867,服饰鞋包,S6,海贸乱发(劣),Amazon,en,US,80.66,2025-01-04,0.671,False,货不对板,Wrong item,存在差异（货不对板 / 运输或质量瑕疵）,输,dataset
RG-000811,AMZ-P20229,Clothing · P20229,服饰鞋包,S3,鑫源电子(劣),Amazon,en,US,23.41,2025-05-13,0.876,True,功能故障,Quality issue,存在差异（货不对板 / 运输或质量瑕疵）,部分退款,dataset
RG-000812,AMZ-P22490,Beauty · P22490,饰品配件,S7,锐捷制造,Amazon,en,US,56.97,2026-03-19,0.925,True,无明显瑕疵,Late delivery,一致（疑似非质量原因，倾向买家责任）,部分退款,dataset
RG-000813,AMZ-P22702,Home · P22702,小家电,S6,海贸乱发(劣),Amazon,en,US,49.55,2026-05-25,0.627,False,货不对板,Not as described,存在差异（货不对板 / 运输或质量瑕疵）,输,dataset
RG-000814,AMZ-P21402,Beauty · P21402,饰品配件,S3,鑫源电子(劣),Amazon,en,US,247.72,2026-06-29,0.878,True,功能故障,Quality issue,存在差异（货不对板 / 运输或质量瑕疵）,输,dataset
RG-000815,AMZ-P20334,Home · P20334,小家电,S6,海贸乱发(劣),Amazon,en,US,79.48,2026-05-23,0.831,True,货不对板,Size/fit issue,存在差异（货不对板 / 运输或质量瑕疵）,赢,dataset
RG-000816,AMZ-P23447,Clothing · P23447,服饰鞋包,S3,鑫源电子(劣),Amazon,en,US,207.72,2025-03-31,0.867,True,外包装破损,Damaged,存在差异（货不对板 / 运输或质量瑕疵）,部分退款,dataset
RG-000817,AMZ-P23272,Electronics · P23272,3C数码,S6,海贸乱发(劣),Amazon,en,US,58.71,2025-09-28,0.847,True,货不对板,Size/fit issue,存在差异（货不对板 / 运输或质量瑕疵）,部分退款,dataset
RG-000818,AMZ-P20670,Toys · P20670,饰品配件,S7,锐捷制造,Amazon,en,US,185.33,2026-07-28,0.909,True,无明显瑕疵,Duplicate order,一致（疑似非质量原因，倾向买家责任）,输,dataset
RG-000819,AMZ-P23218,Electronics · P23218,3C数码,S6,海贸乱发(劣),Amazon,en,US,46.63,2026-05-03,0.843,True,货不对板,Size/fit issue,存在差异（货不对板 / 运输或质量瑕疵）,输,dataset
RG-000820,AMZ-P23299,Home · P23299,小家电,S7,锐捷制造,Amazon,en,US,129.4,2025-10-29,0.899,True,无明显瑕疵,Duplicate order,一致（疑似非质量原因，倾向买家责任）,赢,dataset
RG-000821,AMZ-P21248,Clothing · P21248,服饰鞋包,S6,海贸乱发(劣),Amazon,en,US,175.94,2026-07-25,0.823,True,货不对板,Size/fit issue,存在差异（货不对板 / 运输或质量瑕疵）,输,dataset
RG-000822,AMZ-P23902,Sports · P23902,服饰鞋包,S3,鑫源电子(劣),Amazon,en,US,310.89,2025-02-04,0.885,True,外包装破损,Damaged,存在差异（货不对板 / 运输或质量瑕疵）,输,dataset
RG-000823,AMZ-P22958,Electronics · P22958,3C数码,S6,海贸乱发(劣),Amazon,en,US,382.62,2025-03-16,0.889,True,商品缺件,Missing parts,存在差异（货不对板 / 运输或质量瑕疵）,输,dataset
RG-000824,AMZ-P23445,Home · P23445,小家电,S7,锐捷制造,Amazon,en,US,28.68,2025-07-17,0.903,True,无明显瑕疵,Late delivery,一致（疑似非质量原因，倾向买家责任）,赢,dataset
RG-000825,AMZ-P22632,Clothing · P22632,服饰鞋包,S6,海贸乱发(劣),Amazon,en,US,173.67,2025-01-11,0.848,True,货不对板,Size/fit issue,存在差异（货不对板 / 运输或质量瑕疵）,输,dataset
RG-000826,AMZ-P23763,Clothing · P23763,服饰鞋包,S3,鑫源电子(劣),Amazon,en,US,218.47,2025-02-03,0.886,True,功能故障,Quality issue,存在差异（货不对板 / 运输或质量瑕疵）,赢,dataset
RG-000827,AMZ-P21298,Clothing · P21298,服饰鞋包,S6,海贸乱发(劣),Amazon,en,US,31.16,2025-03-31,0.898,True,商品缺件,Missing parts,存在差异（货不对板 / 运输或质量瑕疵）,输,dataset
RG-000828,AMZ-P23630,Home · P23630,小家电,S3,鑫源电子(劣),Amazon,en,US,53.28,2026-02-19,0.878,True,功能故障,Quality issue,存在差异（货不对板 / 运输或质量瑕疵）,输,dataset
RG-000829,AMZ-P22251,Sports · P22251,服饰鞋包,S6,海贸乱发(劣),Amazon,en,US,32.47,2026-05-15,0.663,False,货不对板,Wrong item,存在差异（货不对板 / 运输或质量瑕疵）,部分退款,dataset
RG-000830,AMZ-P21120,Clothing · P21120,服饰鞋包,S6,海贸乱发(劣),Amazon,en,US,122.72,2025-04-06,0.655,False,货不对板,Wrong item,存在差异（货不对板 / 运输或质量瑕疵）,输,dataset
RG-000831,AMZ-P20159,Books · P20159,饰品配件,S7,锐捷制造,Amazon,en,US,156.51,2026-05-21,0.893,True,无明显瑕疵,Duplicate order,一致（疑似非质量原因，倾向买家责任）,赢,dataset
RG-000832,AMZ-P22703,Toys · P22703,饰品配件,S3,鑫源电子(劣),Amazon,en,US,168.15,2026-03-21,0.909,True,外包装破损,Damaged,存在差异（货不对板 / 运输或质量瑕疵）,输,dataset
RG-000833,AMZ-P21694,Books · P21694,饰品配件,S6,海贸乱发(劣),Amazon,en,US,140.31,2025-08-16,0.631,False,货不对板,Wrong item,存在差异（货不对板 / 运输或质量瑕疵）,输,dataset
RG-000834,AMZ-P21825,Books · P21825,饰品配件,S3,鑫源电子(劣),Amazon,en,US,15.4,2025-11-18,0.887,True,功能故障,Quality issue,存在差异（货不对板 / 运输或质量瑕疵）,输,dataset
RG-000835,AMZ-P23368,Sports · P23368,服饰鞋包,S7,锐捷制造,Amazon,en,US,98.8,2025-07-07,0.883,True,无明显瑕疵,Late delivery,一致（疑似非质量原因，倾向买家责任）,输,dataset
RG-000836,AMZ-P20673,Home · P20673,小家电,S6,海贸乱发(劣),Amazon,en,US,45.31,2025-07-08,0.858,True,货不对板,Size/fit issue,存在差异（货不对板 / 运输或质量瑕疵）,部分退款,dataset
RG-000837,AMZ-P20560,Beauty · P20560,饰品配件,S3,鑫源电子(劣),Amazon,en,US,74.38,2026-06-11,0.863,True,功能故障,Quality issue,存在差异（货不对板 / 运输或质量瑕疵）,赢,dataset
RG-000838,AMZ-P22907,Home · P22907,小家电,S6,海贸乱发(劣),Amazon,en,US,207.22,2026-01-18,0.863,True,商品缺件,Missing parts,存在差异（货不对板 / 运输或质量瑕疵）,赢,dataset
RG-000839,AMZ-P21081,Electronics · P21081,3C数码,S7,锐捷制造,Amazon,en,US,127.8,2026-04-07,0.92,True,无明显瑕疵,Late delivery,一致（疑似非质量原因，倾向买家责任）,赢,dataset
RG-000840,AMZ-P20105,Clothing · P20105,服饰鞋包,S6,海贸乱发(劣),Amazon,en,US,40.66,2026-05-01,0.647,False,货不对板,Not as described,存在差异（货不对板 / 运输或质量瑕疵）,输,dataset
RG-000841,AMZ-P20617,Clothing · P20617,服饰鞋包,S6,海贸乱发(劣),Amazon,en,US,374.16,2026-07-12,0.646,False,货不对板,Wrong item,存在差异（货不对板 / 运输或质量瑕疵）,输,dataset
RG-000842,AMZ-P23873,Toys · P23873,饰品配件,S3,鑫源电子(劣),Amazon,en,US,44.55,2025-04-14,0.9,True,外包装破损,Damaged,存在差异（货不对板 / 运输或质量瑕疵）,赢,dataset
RG-000843,AMZ-P22906,Beauty · P22906,饰品配件,S7,锐捷制造,Amazon,en,US,526.3,2026-04-17,0.931,True,无明显瑕疵,Duplicate order,一致（疑似非质量原因，倾向买家责任）,部分退款,dataset
RG-000844,AMZ-P20708,Clothing · P20708,服饰鞋包,S6,海贸乱发(劣),Amazon,en,US,63.5,2025-03-22,0.658,False,货不对板,Wrong item,存在差异（货不对板 / 运输或质量瑕疵）,部分退款,dataset
RG-000845,AMZ-P22258,Toys · P22258,饰品配件,S3,鑫源电子(劣),Amazon,en,US,33.88,2026-05-29,0.892,True,功能故障,Quality issue,存在差异（货不对板 / 运输或质量瑕疵）,赢,dataset
RG-000846,AMZ-P20687,Beauty · P20687,饰品配件,S6,海贸乱发(劣),Amazon,en,US,66.3,2026-04-04,0.627,False,货不对板,Wrong item,存在差异（货不对板 / 运输或质量瑕疵）,输,dataset
RG-000847,AMZ-P20915,Clothing · P20915,服饰鞋包,S7,锐捷制造,Amazon,en,US,75.39,2025-02-11,0.903,True,无明显瑕疵,Changed mind,一致（疑似非质量原因，倾向买家责任）,赢,dataset
RG-000848,AMZ-P22976,Home · P22976,小家电,S6,海贸乱发(劣),Amazon,en,US,204.28,2025-01-27,0.825,True,货不对板,Size/fit issue,存在差异（货不对板 / 运输或质量瑕疵）,赢,dataset
RG-000849,AMZ-P23175,Clothing · P23175,服饰鞋包,S6,海贸乱发(劣),Amazon,en,US,93.71,2025-05-08,0.622,False,货不对板,Not as described,存在差异（货不对板 / 运输或质量瑕疵）,输,dataset
RG-000850,AMZ-P20264,Clothing · P20264,服饰鞋包,S6,海贸乱发(劣),Amazon,en,US,37.0,2025-04-19,0.656,False,货不对板,Not as described,存在差异（货不对板 / 运输或质量瑕疵）,部分退款,dataset
RG-000851,AMZ-P20078,Beauty · P20078,饰品配件,S6,海贸乱发(劣),Amazon,en,US,80.92,2025-11-14,0.64,False,货不对板,Not as described,存在差异（货不对板 / 运输或质量瑕疵）,输,dataset
RG-000852,AMZ-P23596,Sports · P23596,服饰鞋包,S6,海贸乱发(劣),Amazon,en,US,39.56,2026-05-09,0.869,True,货不对板,Size/fit issue,存在差异（货不对板 / 运输或质量瑕疵）,输,dataset
RG-000853,AMZ-P20857,Toys · P20857,饰品配件,S6,海贸乱发(劣),Amazon,en,US,170.03,2025-08-29,0.641,False,货不对板,Wrong item,存在差异（货不对板 / 运输或质量瑕疵）,部分退款,dataset
RG-000854,AMZ-P20928,Beauty · P20928,饰品配件,S7,锐捷制造,Amazon,en,US,120.99,2026-07-27,0.935,True,无明显瑕疵,Changed mind,一致（疑似非质量原因，倾向买家责任）,输,dataset
RG-000855,AMZ-P21232,Home · P21232,小家电,S6,海贸乱发(劣),Amazon,en,US,119.56,2025-01-10,0.914,True,商品缺件,Missing parts,存在差异（货不对板 / 运输或质量瑕疵）,赢,dataset
RG-000856,AMZ-P23563,Beauty · P23563,饰品配件,S6,海贸乱发(劣),Amazon,en,US,910.77,2025-08-14,0.843,True,货不对板,Size/fit issue,存在差异（货不对板 / 运输或质量瑕疵）,输,dataset
RG-000857,AMZ-P21737,Electronics · P21737,3C数码,S7,锐捷制造,Amazon,en,US,557.09,2025-09-27,0.906,True,无明显瑕疵,Changed mind,一致（疑似非质量原因，倾向买家责任）,部分退款,dataset
RG-000858,AMZ-P22315,Home · P22315,小家电,S3,鑫源电子(劣),Amazon,en,US,1211.94,2025-03-02,0.852,True,外包装破损,Damaged,存在差异（货不对板 / 运输或质量瑕疵）,输,dataset
RG-000859,AMZ-P20614,Toys · P20614,饰品配件,S7,锐捷制造,Amazon,en,US,33.36,2026-07-03,0.869,True,无明显瑕疵,Duplicate order,一致（疑似非质量原因，倾向买家责任）,部分退款,dataset
RG-000860,AMZ-P20415,Home · P20415,小家电,S7,锐捷制造,Amazon,en,US,298.66,2025-08-29,0.937,True,无明显瑕疵,Duplicate order,一致（疑似非质量原因，倾向买家责任）,赢,dataset
RG-000861,AMZ-P20589,Home · P20589,小家电,S3,鑫源电子(劣),Amazon,en,US,253.89,2025-07-05,0.88,True,功能故障,Quality issue,存在差异（货不对板 / 运输或质量瑕疵）,部分退款,dataset
RG-000862,AMZ-P21638,Home · P21638,小家电,S6,海贸乱发(劣),Amazon,en,US,271.16,2025-02-25,0.887,True,商品缺件,Missing parts,存在差异（货不对板 / 运输或质量瑕疵）,赢,dataset
RG-000863,AMZ-P21855,Home · P21855,小家电,S6,海贸乱发(劣),Amazon,en,US,28.13,2025-04-03,0.826,True,货不对板,Size/fit issue,存在差异（货不对板 / 运输或质量瑕疵）,赢,dataset
RG-000864,AMZ-P20483,Home · P20483,小家电,S3,鑫源电子(劣),Amazon,en,US,110.39,2025-01-06,0.856,True,外包装破损,Damaged,存在差异（货不对板 / 运输或质量瑕疵）,输,dataset
RG-000865,AMZ-P20314,Electronics · P20314,3C数码,S3,鑫源电子(劣),Amazon,en,US,25.95,2026-01-17,0.864,True,功能故障,Quality issue,存在差异（货不对板 / 运输或质量瑕疵）,输,dataset
RG-000866,AMZ-P20921,Electronics · P20921,3C数码,S6,海贸乱发(劣),Amazon,en,US,34.82,2026-07-16,0.825,True,货不对板,Size/fit issue,存在差异（货不对板 / 运输或质量瑕疵）,赢,dataset
RG-000867,AMZ-P21163,Clothing · P21163,服饰鞋包,S7,锐捷制造,Amazon,en,US,48.88,2026-06-18,0.88,True,无明显瑕疵,Changed mind,一致（疑似非质量原因，倾向买家责任）,赢,dataset
RG-000868,AMZ-P20316,Beauty · P20316,饰品配件,S3,鑫源电子(劣),Amazon,en,US,369.98,2025-10-29,0.892,True,功能故障,Quality issue,存在差异（货不对板 / 运输或质量瑕疵）,输,dataset
RG-000869,AMZ-P21112,Electronics · P21112,3C数码,S6,海贸乱发(劣),Amazon,en,US,39.68,2025-07-01,0.828,True,货不对板,Size/fit issue,存在差异（货不对板 / 运输或质量瑕疵）,赢,dataset
RG-000870,AMZ-P20073,Clothing · P20073,服饰鞋包,S7,锐捷制造,Amazon,en,US,71.42,2025-05-11,0.934,True,无明显瑕疵,Changed mind,一致（疑似非质量原因，倾向买家责任）,部分退款,dataset
RG-000871,AMZ-P21345,Toys · P21345,饰品配件,S7,锐捷制造,Amazon,en,US,134.93,2025-10-29,0.917,True,无明显瑕疵,Changed mind,一致（疑似非质量原因，倾向买家责任）,赢,dataset
RG-000872,AMZ-P21912,Electronics · P21912,3C数码,S3,鑫源电子(劣),Amazon,en,US,27.66,2025-11-13,0.882,True,功能故障,Quality issue,存在差异（货不对板 / 运输或质量瑕疵）,输,dataset
RG-000873,AMZ-P22651,Home · P22651,小家电,S3,鑫源电子(劣),Amazon,en,US,65.14,2026-04-16,0.884,True,外包装破损,Damaged,存在差异（货不对板 / 运输或质量瑕疵）,输,dataset
RG-000874,AMZ-P22597,Home · P22597,小家电,S7,锐捷制造,Amazon,en,US,62.53,2025-02-11,0.883,True,无明显瑕疵,Changed mind,一致（疑似非质量原因，倾向买家责任）,赢,dataset
RG-000875,AMZ-P20357,Electronics · P20357,3C数码,S7,锐捷制造,Amazon,en,US,192.06,2025-04-30,0.891,True,无明显瑕疵,Duplicate order,一致（疑似非质量原因，倾向买家责任）,赢,dataset
RG-000876,AMZ-P22563,Clothing · P22563,服饰鞋包,S6,海贸乱发(劣),Amazon,en,US,44.31,2026-02-27,0.9,True,商品缺件,Missing parts,存在差异（货不对板 / 运输或质量瑕疵）,部分退款,dataset
RG-000877,AMZ-P21442,Clothing · P21442,服饰鞋包,S6,海贸乱发(劣),Amazon,en,US,289.53,2026-06-04,0.666,False,货不对板,Not as described,存在差异（货不对板 / 运输或质量瑕疵）,部分退款,dataset
RG-000878,AMZ-P23516,Electronics · P23516,3C数码,S3,鑫源电子(劣),Amazon,en,US,118.03,2025-01-06,0.849,True,功能故障,Quality issue,存在差异（货不对板 / 运输或质量瑕疵）,输,dataset
RG-000879,AMZ-P20439,Clothing · P20439,服饰鞋包,S6,海贸乱发(劣),Amazon,en,US,108.29,2025-12-07,0.922,True,商品缺件,Missing parts,存在差异（货不对板 / 运输或质量瑕疵）,部分退款,dataset
RG-000880,AMZ-P22959,Electronics · P22959,3C数码,S7,锐捷制造,Amazon,en,US,376.8,2026-03-09,0.878,True,无明显瑕疵,Changed mind,一致（疑似非质量原因，倾向买家责任）,部分退款,dataset
RG-000881,AMZ-P23310,Beauty · P23310,饰品配件,S7,锐捷制造,Amazon,en,US,435.71,2025-04-22,0.919,True,无明显瑕疵,Duplicate order,一致（疑似非质量原因，倾向买家责任）,输,dataset
RG-000882,AMZ-P23283,Clothing · P23283,服饰鞋包,S7,锐捷制造,Amazon,en,US,50.69,2025-04-23,0.893,True,无明显瑕疵,Duplicate order,一致（疑似非质量原因，倾向买家责任）,部分退款,dataset
RG-000883,AMZ-P21545,Home · P21545,小家电,S6,海贸乱发(劣),Amazon,en,US,155.17,2025-11-01,0.867,True,货不对板,Size/fit issue,存在差异（货不对板 / 运输或质量瑕疵）,输,dataset
RG-000884,AMZ-P23518,Electronics · P23518,3C数码,S6,海贸乱发(劣),Amazon,en,US,44.69,2026-01-26,0.663,False,货不对板,Wrong item,存在差异（货不对板 / 运输或质量瑕疵）,部分退款,dataset
RG-000885,AMZ-P20356,Toys · P20356,饰品配件,S7,锐捷制造,Amazon,en,US,192.31,2025-12-17,0.904,True,无明显瑕疵,Late delivery,一致（疑似非质量原因，倾向买家责任）,赢,dataset
RG-000886,AMZ-P22144,Clothing · P22144,服饰鞋包,S6,海贸乱发(劣),Amazon,en,US,238.32,2026-01-07,0.856,True,货不对板,Size/fit issue,存在差异（货不对板 / 运输或质量瑕疵）,输,dataset
RG-000887,AMZ-P21963,Books · P21963,饰品配件,S7,锐捷制造,Amazon,en,US,81.26,2025-02-15,0.914,True,无明显瑕疵,Changed mind,一致（疑似非质量原因，倾向买家责任）,赢,dataset
RG-000888,AMZ-P21669,Clothing · P21669,服饰鞋包,S3,鑫源电子(劣),Amazon,en,US,81.69,2026-02-11,0.862,True,功能故障,Quality issue,存在差异（货不对板 / 运输或质量瑕疵）,赢,dataset
RG-000889,AMZ-P21582,Electronics · P21582,3C数码,S6,海贸乱发(劣),Amazon,en,US,150.83,2025-07-25,0.854,True,货不对板,Size/fit issue,存在差异（货不对板 / 运输或质量瑕疵）,输,dataset
RG-000890,AMZ-P23831,Home · P23831,小家电,S3,鑫源电子(劣),Amazon,en,US,849.2,2025-12-06,0.878,True,功能故障,Quality issue,存在差异（货不对板 / 运输或质量瑕疵）,输,dataset
RG-000891,AMZ-P20059,Beauty · P20059,饰品配件,S7,锐捷制造,Amazon,en,US,86.04,2025-12-05,0.882,True,无明显瑕疵,Late delivery,一致（疑似非质量原因，倾向买家责任）,赢,dataset
RG-000892,AMZ-P22337,Electronics · P22337,3C数码,S6,海贸乱发(劣),Amazon,en,US,60.43,2026-05-21,0.875,True,商品缺件,Missing parts,存在差异（货不对板 / 运输或质量瑕疵）,输,dataset
RG-000893,AMZ-P23863,Electronics · P23863,3C数码,S3,鑫源电子(劣),Amazon,en,US,104.91,2025-08-30,0.901,True,外包装破损,Damaged,存在差异（货不对板 / 运输或质量瑕疵）,赢,dataset
RG-000894,AMZ-P20286,Home · P20286,小家电,S7,锐捷制造,Amazon,en,US,21.79,2025-08-28,0.895,True,无明显瑕疵,Changed mind,一致（疑似非质量原因，倾向买家责任）,赢,dataset
RG-000895,AMZ-P22105,Toys · P22105,饰品配件,S3,鑫源电子(劣),Amazon,en,US,109.65,2025-12-06,0.892,True,功能故障,Quality issue,存在差异（货不对板 / 运输或质量瑕疵）,输,dataset
RG-000896,AMZ-P20015,Home · P20015,小家电,S7,锐捷制造,Amazon,en,US,45.32,2025-08-22,0.887,True,无明显瑕疵,Late delivery,一致（疑似非质量原因，倾向买家责任）,赢,dataset
RG-000897,AMZ-P22267,Electronics · P22267,3C数码,S7,锐捷制造,Amazon,en,US,162.57,2025-12-19,0.89,True,无明显瑕疵,Late delivery,一致（疑似非质量原因，倾向买家责任）,赢,dataset
RG-000898,AMZ-P23237,Beauty · P23237,饰品配件,S6,海贸乱发(劣),Amazon,en,US,377.92,2025-04-06,0.871,True,商品缺件,Missing parts,存在差异（货不对板 / 运输或质量瑕疵）,部分退款,dataset
RG-000899,AMZ-P21958,Sports · P21958,服饰鞋包,S6,海贸乱发(劣),Amazon,en,US,106.22,2026-05-05,0.897,True,商品缺件,Missing parts,存在差异（货不对板 / 运输或质量瑕疵）,部分退款,dataset
RG-000900,AMZ-P20343,Electronics · P20343,3C数码,S6,海贸乱发(劣),Amazon,en,US,1438.86,2025-07-30,0.826,True,货不对板,Size/fit issue,存在差异（货不对板 / 运输或质量瑕疵）,输,dataset
RG-000901,UCI-22618,COOKING SET RETROSPOT,饰品配件,S7,锐捷制造,UCI-Retail,en,United Kingdom,144.33,2012-01-13,0.897,True,无明显瑕疵,退货原因未标注（交易流数据）,一致（退货原因未标注，待卖家补充）,待分析,dataset
RG-000902,UCI-20728,LUNCH BAG CARS BLUE,服饰鞋包,S7,锐捷制造,UCI-Retail,en,United Kingdom,49.5,2011-12-31,0.919,True,无明显瑕疵,退货原因未标注（交易流数据）,一致（退货原因未标注，待卖家补充）,待分析,dataset
RG-000903,UCI-22556,PLASTERS IN TIN CIRCUS PARADE ,饰品配件,S7,锐捷制造,UCI-Retail,en,France,19.8,2012-01-18,0.946,True,无明显瑕疵,退货原因未标注（交易流数据）,一致（退货原因未标注，待卖家补充）,待分析,dataset
RG-000904,UCI-22411,JUMBO SHOPPER VINTAGE RED PAISLEY,饰品配件,S7,锐捷制造,UCI-Retail,en,United Kingdom,1.95,2012-01-06,0.897,True,无明显瑕疵,退货原因未标注（交易流数据）,一致（退货原因未标注，待卖家补充）,待分析,dataset
RG-000905,UCI-22423,REGENCY CAKESTAND 3 TIER,饰品配件,S7,锐捷制造,UCI-Retail,en,Germany,25.5,2012-03-09,0.952,True,无明显瑕疵,退货原因未标注（交易流数据）,一致（退货原因未标注，待卖家补充）,待分析,dataset
RG-000906,UCI-22967,SET 3 SONG BIRD PAPER EGGS ASSORTED,饰品配件,S7,锐捷制造,UCI-Retail,en,United Kingdom,2.95,2012-02-24,0.947,True,无明显瑕疵,退货原因未标注（交易流数据）,一致（退货原因未标注，待卖家补充）,待分析,dataset
RG-000907,UCI-22065,CHRISTMAS PUDDING TRINKET POT ,饰品配件,S7,锐捷制造,UCI-Retail,en,United Kingdom,2.5,2012-01-16,0.957,True,无明显瑕疵,退货原因未标注（交易流数据）,一致（退货原因未标注，待卖家补充）,待分析,dataset
RG-000908,UCI-20914,SET/5 RED RETROSPOT LID GLASS BOWLS,小家电,S7,锐捷制造,UCI-Retail,en,United Kingdom,5.9,2012-03-13,0.892,True,无明显瑕疵,退货原因未标注（交易流数据）,一致（退货原因未标注，待卖家补充）,待分析,dataset
RG-000909,UCI-POST,POSTAGE,饰品配件,S7,锐捷制造,UCI-Retail,en,United Kingdom,8.65,2012-02-28,0.878,True,无明显瑕疵,退货原因未标注（交易流数据）,一致（退货原因未标注，待卖家补充）,待分析,dataset
RG-000910,UCI-21284,RETROSPOT CANDLE  SMALL,饰品配件,S7,锐捷制造,UCI-Retail,en,United Kingdom,20.28,2011-12-02,0.956,True,无明显瑕疵,退货原因未标注（交易流数据）,一致（退货原因未标注，待卖家补充）,待分析,dataset
RG-000911,UCI-82486,WOOD S/3 CABINET ANT WHITE FINISH,饰品配件,S7,锐捷制造,UCI-Retail,en,United Kingdom,7.95,2012-02-24,0.865,True,无明显瑕疵,退货原因未标注（交易流数据）,一致（退货原因未标注，待卖家补充）,待分析,dataset
RG-000912,UCI-84461,12 PINK HEN+CHICKS IN BASKET,饰品配件,S7,锐捷制造,UCI-Retail,en,Germany,15.3,2012-03-09,0.943,True,无明显瑕疵,退货原因未标注（交易流数据）,一致（退货原因未标注，待卖家补充）,待分析,dataset
RG-000913,UCI-D,Discount,饰品配件,S7,锐捷制造,UCI-Retail,en,United Kingdom,9.87,2012-03-01,0.907,True,无明显瑕疵,退货原因未标注（交易流数据）,一致（退货原因未标注，待卖家补充）,待分析,dataset
RG-000914,UCI-22386,JUMBO BAG PINK POLKADOT,服饰鞋包,S7,锐捷制造,UCI-Retail,en,United Kingdom,39.0,2011-12-31,0.932,True,无明显瑕疵,退货原因未标注（交易流数据）,一致（退货原因未标注，待卖家补充）,待分析,dataset
RG-000915,UCI-84050,PINK HEART SHAPE EGG FRYING PAN,小家电,S7,锐捷制造,UCI-Retail,en,United Kingdom,1.25,2011-11-30,0.901,True,无明显瑕疵,退货原因未标注（交易流数据）,一致（退货原因未标注，待卖家补充）,待分析,dataset
RG-000916,UCI-22745,POPPY'S PLAYHOUSE BEDROOM ,小家电,S7,锐捷制造,UCI-Retail,en,United Kingdom,2.1,2011-12-15,0.901,True,无明显瑕疵,退货原因未标注（交易流数据）,一致（退货原因未标注，待卖家补充）,待分析,dataset
RG-000917,UCI-79323B,BLACK CHERRY LIGHTS,3C数码,S7,锐捷制造,UCI-Retail,en,United Kingdom,27.0,2011-12-30,0.925,True,无明显瑕疵,退货原因未标注（交易流数据）,一致（退货原因未标注，待卖家补充）,待分析,dataset
RG-000918,UCI-22654,DELUXE SEWING KIT ,饰品配件,S7,锐捷制造,UCI-Retail,en,Japan,9.9,2012-02-23,0.875,True,无明显瑕疵,退货原因未标注（交易流数据）,一致（退货原因未标注，待卖家补充）,待分析,dataset
RG-000919,UCI-22891,TEA FOR ONE POLKADOT,饰品配件,S7,锐捷制造,UCI-Retail,en,United Kingdom,4.25,2012-01-25,0.91,True,无明显瑕疵,退货原因未标注（交易流数据）,一致（退货原因未标注，待卖家补充）,待分析,dataset
RG-000920,UCI-M,Manual,饰品配件,S7,锐捷制造,UCI-Retail,en,United Kingdom,1283.8,2026-07-05,0.93,True,无明显瑕疵,退货原因未标注（交易流数据）,一致（退货原因未标注，待卖家补充）,待分析,dataset
RG-000921,UCI-21781,MA CAMPAGNE CUTLERY BOX,饰品配件,S7,锐捷制造,UCI-Retail,en,United Kingdom,14.95,2011-12-02,0.875,True,无明显瑕疵,退货原因未标注（交易流数据）,一致（退货原因未标注，待卖家补充）,待分析,dataset
RG-000922,UCI-22631,CIRCUS PARADE LUNCH BOX ,饰品配件,S7,锐捷制造,UCI-Retail,en,Germany,1.95,2011-11-24,0.953,True,无明显瑕疵,退货原因未标注（交易流数据）,一致（退货原因未标注，待卖家补充）,待分析,dataset
RG-000923,UCI-22649,STRAWBERRY FAIRY CAKE TEAPOT,饰品配件,S7,锐捷制造,UCI-Retail,en,Germany,9.9,2011-12-29,0.891,True,无明显瑕疵,退货原因未标注（交易流数据）,一致（退货原因未标注，待卖家补充）,待分析,dataset
RG-000924,UCI-51014A,"FEATHER PEN,HOT PINK",饰品配件,S7,锐捷制造,UCI-Retail,en,United Kingdom,61.2,2012-01-18,0.892,True,无明显瑕疵,退货原因未标注（交易流数据）,一致（退货原因未标注，待卖家补充）,待分析,dataset
RG-000925,UCI-20957,PORCELAIN HANGING BELL SMALL,饰品配件,S7,锐捷制造,UCI-Retail,en,Germany,1.45,2011-11-24,0.879,True,无明显瑕疵,退货原因未标注（交易流数据）,一致（退货原因未标注，待卖家补充）,待分析,dataset
RG-000926,UCI-22961,JAM MAKING SET PRINTED,饰品配件,S7,锐捷制造,UCI-Retail,en,Germany,2.9,2011-12-29,0.882,True,无明显瑕疵,退货原因未标注（交易流数据）,一致（退货原因未标注，待卖家补充）,待分析,dataset
RG-000927,UCI-79000,MOROCCAN TEA GLASS,饰品配件,S7,锐捷制造,UCI-Retail,en,United Kingdom,0.85,2011-12-01,0.903,True,无明显瑕疵,退货原因未标注（交易流数据）,一致（退货原因未标注，待卖家补充）,待分析,dataset
RG-000928,UCI-22535,MAGIC DRAWING SLATE BUNNIES ,饰品配件,S7,锐捷制造,UCI-Retail,en,United Kingdom,20.16,2012-01-18,0.944,True,无明显瑕疵,退货原因未标注（交易流数据）,一致（退货原因未标注，待卖家补充）,待分析,dataset
RG-000929,UCI-M,Manual,饰品配件,S7,锐捷制造,UCI-Retail,en,United Kingdom,458.29,2026-07-20,0.865,True,无明显瑕疵,退货原因未标注（交易流数据）,一致（退货原因未标注，待卖家补充）,待分析,dataset
RG-000930,UCI-22423,REGENCY CAKESTAND 3 TIER,饰品配件,S7,锐捷制造,UCI-Retail,en,United Kingdom,12.75,2012-02-04,0.919,True,无明显瑕疵,退货原因未标注（交易流数据）,一致（退货原因未标注，待卖家补充）,待分析,dataset
RG-000931,UCI-47594B,SCOTTIES DESIGN WASHBAG,小家电,S7,锐捷制造,UCI-Retail,en,United Kingdom,1.95,2012-02-21,0.903,True,无明显瑕疵,退货原因未标注（交易流数据）,一致（退货原因未标注，待卖家补充）,待分析,dataset
RG-000932,UCI-22686,FRENCH BLUE METAL DOOR SIGN No,小家电,S7,锐捷制造,UCI-Retail,en,United Kingdom,15.0,2011-12-07,0.89,True,无明显瑕疵,退货原因未标注（交易流数据）,一致（退货原因未标注，待卖家补充）,待分析,dataset
RG-000933,UCI-22698,PINK REGENCY TEACUP AND SAUCER,小家电,S7,锐捷制造,UCI-Retail,en,United Kingdom,2.95,2012-02-23,0.929,True,无明显瑕疵,退货原因未标注（交易流数据）,一致（退货原因未标注，待卖家补充）,待分析,dataset
RG-000934,UCI-22333,RETROSPOT PARTY BAG + STICKER SET,服饰鞋包,S7,锐捷制造,UCI-Retail,en,Germany,1.65,2011-12-02,0.919,True,无明显瑕疵,退货原因未标注（交易流数据）,一致（退货原因未标注，待卖家补充）,待分析,dataset
RG-000935,UCI-84946,ANTIQUE SILVER TEA GLASS ETCHED,饰品配件,S7,锐捷制造,UCI-Retail,en,United Kingdom,15.0,2012-01-21,0.879,True,无明显瑕疵,退货原因未标注（交易流数据）,一致（退货原因未标注，待卖家补充）,待分析,dataset
RG-000936,UCI-84832,ZINC WILLIE WINKIE  CANDLE STICK,饰品配件,S7,锐捷制造,UCI-Retail,en,United Kingdom,10.2,2012-03-28,0.928,True,无明显瑕疵,退货原因未标注（交易流数据）,一致（退货原因未标注，待卖家补充）,待分析,dataset
RG-000937,UCI-22801,ANTIQUE GLASS PEDESTAL BOWL,小家电,S7,锐捷制造,UCI-Retail,en,United Kingdom,3.75,2012-03-06,0.895,True,无明显瑕疵,退货原因未标注（交易流数据）,一致（退货原因未标注，待卖家补充）,待分析,dataset
RG-000938,UCI-35004C,SET OF 3 COLOURED  FLYING DUCKS,饰品配件,S7,锐捷制造,UCI-Retail,en,United Kingdom,13.95,2011-12-13,0.948,True,无明显瑕疵,退货原因未标注（交易流数据）,一致（退货原因未标注，待卖家补充）,待分析,dataset
RG-000939,UCI-21624,VINTAGE UNION JACK DOORSTOP,小家电,S7,锐捷制造,UCI-Retail,en,United Kingdom,17.85,2011-12-01,0.97,True,无明显瑕疵,退货原因未标注（交易流数据）,一致（退货原因未标注，待卖家补充）,待分析,dataset
RG-000940,UCI-82483,WOOD 2 DRAWER CABINET WHITE FINISH,饰品配件,S7,锐捷制造,UCI-Retail,en,United Kingdom,273.7,2012-03-23,0.933,True,无明显瑕疵,退货原因未标注（交易流数据）,一致（退货原因未标注，待卖家补充）,待分析,dataset
RG-000941,UCI-22111,SCOTTIE DOG HOT WATER BOTTLE,小家电,S7,锐捷制造,UCI-Retail,en,United Kingdom,4.95,2012-01-09,0.869,True,无明显瑕疵,退货原因未标注（交易流数据）,一致（退货原因未标注，待卖家补充）,待分析,dataset
RG-000942,UCI-22469,HEART OF WICKER SMALL,小家电,S7,锐捷制造,UCI-Retail,en,United Kingdom,1.65,2011-12-31,0.949,True,无明显瑕疵,退货原因未标注（交易流数据）,一致（退货原因未标注，待卖家补充）,待分析,dataset
RG-000943,UCI-22745,POPPY'S PLAYHOUSE BEDROOM ,小家电,S7,锐捷制造,UCI-Retail,en,United Kingdom,12.6,2012-01-21,0.872,True,无明显瑕疵,退货原因未标注（交易流数据）,一致（退货原因未标注，待卖家补充）,待分析,dataset
RG-000944,UCI-22993,SET OF 4 PANTRY JELLY MOULDS,服饰鞋包,S7,锐捷制造,UCI-Retail,en,United Kingdom,15.0,2012-02-15,0.943,True,无明显瑕疵,退货原因未标注（交易流数据）,一致（退货原因未标注，待卖家补充）,待分析,dataset
RG-000945,UCI-22729,ALARM CLOCK BAKELIKE ORANGE,小家电,S7,锐捷制造,UCI-Retail,en,United Kingdom,3.75,2012-01-19,0.865,True,无明显瑕疵,退货原因未标注（交易流数据）,一致（退货原因未标注，待卖家补充）,待分析,dataset
RG-000946,UCI-22865,HAND WARMER OWL DESIGN,小家电,S7,锐捷制造,UCI-Retail,en,United Kingdom,1.85,2012-01-18,0.904,True,无明显瑕疵,退货原因未标注（交易流数据）,一致（退货原因未标注，待卖家补充）,待分析,dataset
RG-000947,UCI-22215,CAKE STAND WHITE TWO TIER LACE,饰品配件,S7,锐捷制造,UCI-Retail,en,United Kingdom,8.5,2012-02-14,0.886,True,无明显瑕疵,退货原因未标注（交易流数据）,一致（退货原因未标注，待卖家补充）,待分析,dataset
RG-000948,UCI-22692,DOORMAT WELCOME TO OUR HOME,小家电,S7,锐捷制造,UCI-Retail,en,United Kingdom,15.9,2012-03-23,0.918,True,无明显瑕疵,退货原因未标注（交易流数据）,一致（退货原因未标注，待卖家补充）,待分析,dataset
RG-000949,UCI-22456,NATURAL SLATE CHALKBOARD LARGE ,饰品配件,S7,锐捷制造,UCI-Retail,en,United Kingdom,4.95,2012-02-28,0.949,True,无明显瑕疵,退货原因未标注（交易流数据）,一致（退货原因未标注，待卖家补充）,待分析,dataset
RG-000950,UCI-22722,SET OF 6 SPICE TINS PANTRY DESIGN,小家电,S7,锐捷制造,UCI-Retail,en,United Kingdom,19.75,2012-03-03,0.89,True,无明显瑕疵,退货原因未标注（交易流数据）,一致（退货原因未标注，待卖家补充）,待分析,dataset
RG-000951,UCI-M,Manual,饰品配件,S7,锐捷制造,UCI-Retail,en,Singapore,239.3,2026-08-06,0.943,True,无明显瑕疵,退货原因未标注（交易流数据）,一致（退货原因未标注，待卖家补充）,待分析,dataset
RG-000952,UCI-22728,ALARM CLOCK BAKELIKE PINK,小家电,S7,锐捷制造,UCI-Retail,en,United Kingdom,3.75,2011-12-03,0.907,True,无明显瑕疵,退货原因未标注（交易流数据）,一致（退货原因未标注，待卖家补充）,待分析,dataset
RG-000953,UCI-21564,PINK  HEART SHAPE LOVE BUCKET ,小家电,S7,锐捷制造,UCI-Retail,en,United Kingdom,2.55,2012-03-09,0.879,True,无明显瑕疵,退货原因未标注（交易流数据）,一致（退货原因未标注，待卖家补充）,待分析,dataset
RG-000954,UCI-82483,WOOD 2 DRAWER CABINET WHITE FINISH,饰品配件,S7,锐捷制造,UCI-Retail,en,United Kingdom,4.95,2012-02-03,0.946,True,无明显瑕疵,退货原因未标注（交易流数据）,一致（退货原因未标注，待卖家补充）,待分析,dataset
RG-000955,UCI-79321,CHILLI LIGHTS,3C数码,S7,锐捷制造,UCI-Retail,en,United Kingdom,306.0,2011-12-31,0.958,True,无明显瑕疵,退货原因未标注（交易流数据）,一致（退货原因未标注，待卖家补充）,待分析,dataset
RG-000956,UCI-84078A,SET/4 WHITE RETRO STORAGE CUBES ,饰品配件,S7,锐捷制造,UCI-Retail,en,United Kingdom,419.4,2012-01-24,0.938,True,无明显瑕疵,退货原因未标注（交易流数据）,一致（退货原因未标注，待卖家补充）,待分析,dataset
RG-000957,UCI-22877,NUMBER TILE COTTAGE GARDEN 9,饰品配件,S7,锐捷制造,UCI-Retail,en,United Kingdom,1.95,2011-11-25,0.918,True,无明显瑕疵,退货原因未标注（交易流数据）,一致（退货原因未标注，待卖家补充）,待分析,dataset
RG-000958,UCI-21041,RED RETROSPOT OVEN GLOVE DOUBLE,饰品配件,S7,锐捷制造,UCI-Retail,en,United Kingdom,2.95,2012-01-25,0.954,True,无明显瑕疵,退货原因未标注（交易流数据）,一致（退货原因未标注，待卖家补充）,待分析,dataset
RG-000959,UCI-21928,JUMBO BAG SCANDINAVIAN BLUE PAISLEY,服饰鞋包,S7,锐捷制造,UCI-Retail,en,United Kingdom,19.5,2012-03-28,0.962,True,无明显瑕疵,退货原因未标注（交易流数据）,一致（退货原因未标注，待卖家补充）,待分析,dataset
RG-000960,UCI-22430,ENAMEL WATERING CAN CREAM,饰品配件,S7,锐捷制造,UCI-Retail,en,United Kingdom,19.8,2012-03-23,0.956,True,无明显瑕疵,退货原因未标注（交易流数据）,一致（退货原因未标注，待卖家补充）,待分析,dataset
RG-000961,UCI-22386,JUMBO BAG PINK POLKADOT,服饰鞋包,S7,锐捷制造,UCI-Retail,en,United Kingdom,19.5,2012-03-28,0.868,True,无明显瑕疵,退货原因未标注（交易流数据）,一致（退货原因未标注，待卖家补充）,待分析,dataset
RG-000962,UCI-22231,JIGSAW TREE WITH BIRDHOUSE,小家电,S7,锐捷制造,UCI-Retail,en,United Kingdom,1.45,2012-02-15,0.92,True,无明显瑕疵,退货原因未标注（交易流数据）,一致（退货原因未标注，待卖家补充）,待分析,dataset
RG-000963,UCI-22890,NOVELTY BISCUITS CAKE STAND 3 TIER,饰品配件,S7,锐捷制造,UCI-Retail,en,United Kingdom,102.0,2011-12-08,0.879,True,无明显瑕疵,退货原因未标注（交易流数据）,一致（退货原因未标注，待卖家补充）,待分析,dataset
RG-000964,UCI-22666,RECIPE BOX PANTRY YELLOW DESIGN,小家电,S7,锐捷制造,UCI-Retail,en,United Kingdom,8.85,2012-03-17,0.896,True,无明显瑕疵,退货原因未标注（交易流数据）,一致（退货原因未标注，待卖家补充）,待分析,dataset
RG-000965,UCI-85232B,SET OF 3 BABUSHKA STACKING TINS,饰品配件,S7,锐捷制造,UCI-Retail,en,Germany,21.25,2012-01-20,0.967,True,无明显瑕疵,退货原因未标注（交易流数据）,一致（退货原因未标注，待卖家补充）,待分析,dataset
RG-000966,UCI-22997,TRAVEL CARD WALLET UNION JACK,服饰鞋包,S7,锐捷制造,UCI-Retail,en,United Kingdom,10.08,2012-03-02,0.933,True,无明显瑕疵,退货原因未标注（交易流数据）,一致（退货原因未标注，待卖家补充）,待分析,dataset
RG-000967,UCI-22847,BREAD BIN DINER STYLE IVORY,饰品配件,S7,锐捷制造,UCI-Retail,en,United Kingdom,16.95,2012-01-20,0.91,True,无明显瑕疵,退货原因未标注（交易流数据）,一致（退货原因未标注，待卖家补充）,待分析,dataset
RG-000968,UCI-22456,NATURAL SLATE CHALKBOARD LARGE ,饰品配件,S7,锐捷制造,UCI-Retail,en,United Kingdom,8.5,2011-12-09,0.903,True,无明显瑕疵,退货原因未标注（交易流数据）,一致（退货原因未标注，待卖家补充）,待分析,dataset
RG-000969,UCI-21199,PINK  HEART CONFETTI IN TUBE,小家电,S7,锐捷制造,UCI-Retail,en,United Kingdom,20.16,2012-02-04,0.889,True,无明显瑕疵,退货原因未标注（交易流数据）,一致（退货原因未标注，待卖家补充）,待分析,dataset
RG-000970,UCI-D,Discount,饰品配件,S7,锐捷制造,UCI-Retail,en,United Kingdom,70.01,2012-02-07,0.875,True,无明显瑕疵,退货原因未标注（交易流数据）,一致（退货原因未标注，待卖家补充）,待分析,dataset
RG-000971,UCI-20801,LARGE PINK GLASS SUNDAE DISH,饰品配件,S7,锐捷制造,UCI-Retail,en,United Kingdom,12.0,2012-02-03,0.954,True,无明显瑕疵,退货原因未标注（交易流数据）,一致（退货原因未标注，待卖家补充）,待分析,dataset
RG-000972,UCI-22890,NOVELTY BISCUITS CAKE STAND 3 TIER,饰品配件,S7,锐捷制造,UCI-Retail,en,United Kingdom,19.9,2011-12-14,0.928,True,无明显瑕疵,退货原因未标注（交易流数据）,一致（退货原因未标注，待卖家补充）,待分析,dataset
RG-000973,UCI-21314,SMALL GLASS HEART TRINKET POT,小家电,S7,锐捷制造,UCI-Retail,en,United Kingdom,2.1,2026-08-12,0.911,True,无明显瑕疵,退货原因未标注（交易流数据）,一致（退货原因未标注，待卖家补充）,待分析,dataset
RG-000974,UCI-22423,REGENCY CAKESTAND 3 TIER,饰品配件,S7,锐捷制造,UCI-Retail,en,United Kingdom,102.0,2012-02-28,0.876,True,无明显瑕疵,退货原因未标注（交易流数据）,一致（退货原因未标注，待卖家补充）,待分析,dataset
RG-000975,UCI-22957,SET 3 PAPER VINTAGE CHICK PAPER EGG,饰品配件,S7,锐捷制造,UCI-Retail,en,United Kingdom,2.95,2012-02-24,0.943,True,无明显瑕疵,退货原因未标注（交易流数据）,一致（退货原因未标注，待卖家补充）,待分析,dataset
RG-000976,UCI-22837,HOT WATER BOTTLE BABUSHKA ,小家电,S7,锐捷制造,UCI-Retail,en,United Kingdom,153.0,2012-01-21,0.94,True,无明显瑕疵,退货原因未标注（交易流数据）,一致（退货原因未标注，待卖家补充）,待分析,dataset
RG-000977,UCI-AMAZONFEE,AMAZON FEE,饰品配件,S7,锐捷制造,UCI-Retail,en,United Kingdom,5225.03,2012-03-10,0.957,True,无明显瑕疵,退货原因未标注（交易流数据）,一致（退货原因未标注，待卖家补充）,待分析,dataset
RG-000978,UCI-22357,KINGS CHOICE BISCUIT TIN,饰品配件,S7,锐捷制造,UCI-Retail,en,United Kingdom,4.25,2011-12-01,0.868,True,无明显瑕疵,退货原因未标注（交易流数据）,一致（退货原因未标注，待卖家补充）,待分析,dataset
RG-000979,UCI-21232,STRAWBERRY CERAMIC TRINKET BOX,饰品配件,S7,锐捷制造,UCI-Retail,en,Spain,2.5,2012-02-28,0.871,True,无明显瑕疵,退货原因未标注（交易流数据）,一致（退货原因未标注，待卖家补充）,待分析,dataset
RG-000980,UCI-22960,JAM MAKING SET WITH JARS,饰品配件,S7,锐捷制造,UCI-Retail,en,Germany,4.25,2012-01-14,0.964,True,无明显瑕疵,退货原因未标注（交易流数据）,一致（退货原因未标注，待卖家补充）,待分析,dataset
RG-000981,UCI-22776,SWEETHEART CAKESTAND 3 TIER,小家电,S7,锐捷制造,UCI-Retail,en,United Kingdom,9.95,2011-11-26,0.929,True,无明显瑕疵,退货原因未标注（交易流数据）,一致（退货原因未标注，待卖家补充）,待分析,dataset
RG-000982,UCI-22180,RETROSPOT LAMP,3C数码,S7,锐捷制造,UCI-Retail,en,United Kingdom,9.95,2011-12-01,0.916,True,无明显瑕疵,退货原因未标注（交易流数据）,一致（退货原因未标注，待卖家补充）,待分析,dataset
RG-000983,UCI-22991,GIRAFFE WOODEN RULER,饰品配件,S7,锐捷制造,UCI-Retail,en,United Kingdom,11.7,2012-03-17,0.932,True,无明显瑕疵,退货原因未标注（交易流数据）,一致（退货原因未标注，待卖家补充）,待分析,dataset
RG-000984,UCI-M,Manual,饰品配件,S7,锐捷制造,UCI-Retail,en,United Kingdom,87.36,2026-07-20,0.892,True,无明显瑕疵,退货原因未标注（交易流数据）,一致（退货原因未标注，待卖家补充）,待分析,dataset
RG-000985,UCI-22791,T-LIGHT GLASS FLUTED ANTIQUE,3C数码,S7,锐捷制造,UCI-Retail,en,United Kingdom,3.18,2012-03-02,0.864,True,无明显瑕疵,退货原因未标注（交易流数据）,一致（退货原因未标注，待卖家补充）,待分析,dataset
RG-000986,UCI-22384,LUNCH BAG PINK POLKADOT,服饰鞋包,S7,锐捷制造,UCI-Retail,en,United Kingdom,3.3,2012-03-15,0.955,True,无明显瑕疵,退货原因未标注（交易流数据）,一致（退货原因未标注，待卖家补充）,待分析,dataset
RG-000987,UCI-22278,OVERNIGHT BAG VINTAGE ROSE PAISLEY,服饰鞋包,S7,锐捷制造,UCI-Retail,en,United Kingdom,4.95,2011-12-09,0.957,True,无明显瑕疵,退货原因未标注（交易流数据）,一致（退货原因未标注，待卖家补充）,待分析,dataset
RG-000988,UCI-22795,SWEETHEART RECIPE BOOK STAND,饰品配件,S7,锐捷制造,UCI-Retail,en,EIRE,67.5,2011-12-13,0.953,True,无明显瑕疵,退货原因未标注（交易流数据）,一致（退货原因未标注，待卖家补充）,待分析,dataset
RG-000989,UCI-22457,NATURAL SLATE HEART CHALKBOARD ,小家电,S7,锐捷制造,UCI-Retail,en,United Kingdom,35.4,2011-12-09,0.873,True,无明显瑕疵,退货原因未标注（交易流数据）,一致（退货原因未标注，待卖家补充）,待分析,dataset
RG-000990,UCI-22627,MINT KITCHEN SCALES,小家电,S7,锐捷制造,UCI-Retail,en,United Kingdom,8.5,2011-12-01,0.954,True,无明显瑕疵,退货原因未标注（交易流数据）,一致（退货原因未标注，待卖家补充）,待分析,dataset
RG-000991,UCI-22184,CAKE STAND VICTORIAN FILIGREE LARGE,饰品配件,S7,锐捷制造,UCI-Retail,en,United Kingdom,8.5,2011-11-28,0.874,True,无明显瑕疵,退货原因未标注（交易流数据）,一致（退货原因未标注，待卖家补充）,待分析,dataset
RG-000992,UCI-22710,WRAP I LOVE LONDON ,饰品配件,S7,锐捷制造,UCI-Retail,en,United Kingdom,10.5,2012-03-17,0.968,True,无明显瑕疵,退货原因未标注（交易流数据）,一致（退货原因未标注，待卖家补充）,待分析,dataset
RG-000993,UCI-BANK CHARGES,Bank Charges,饰品配件,S7,锐捷制造,UCI-Retail,en,United Kingdom,56.93,2012-03-10,0.918,True,无明显瑕疵,退货原因未标注（交易流数据）,一致（退货原因未标注，待卖家补充）,待分析,dataset
RG-000994,UCI-22301,COFFEE MUG CAT + BIRD DESIGN,小家电,S7,锐捷制造,UCI-Retail,en,France,7.65,2012-01-18,0.942,True,无明显瑕疵,退货原因未标注（交易流数据）,一致（退货原因未标注，待卖家补充）,待分析,dataset
RG-000995,UCI-22359,GLASS JAR KINGS CHOICE,饰品配件,S7,锐捷制造,UCI-Retail,en,United Kingdom,5.9,2012-01-14,0.891,True,无明显瑕疵,退货原因未标注（交易流数据）,一致（退货原因未标注，待卖家补充）,待分析,dataset
RG-000996,UCI-22138,BAKING SET 9 PIECE RETROSPOT ,饰品配件,S7,锐捷制造,UCI-Retail,en,United Kingdom,4.95,2011-12-12,0.89,True,无明显瑕疵,退货原因未标注（交易流数据）,一致（退货原因未标注，待卖家补充）,待分析,dataset
RG-000997,UCI-22945,CHRISTMAS METAL TAGS ASSORTED ,饰品配件,S7,锐捷制造,UCI-Retail,en,United Kingdom,5.1,2012-03-10,0.873,True,无明显瑕疵,退货原因未标注（交易流数据）,一致（退货原因未标注，待卖家补充）,待分析,dataset
RG-000998,UCI-M,Manual,饰品配件,S7,锐捷制造,UCI-Retail,en,United Kingdom,165.29,2026-08-11,0.877,True,无明显瑕疵,退货原因未标注（交易流数据）,一致（退货原因未标注，待卖家补充）,待分析,dataset
RG-000999,UCI-84228,HEN HOUSE W CHICK STANDING,小家电,S7,锐捷制造,UCI-Retail,en,Germany,0.42,2012-03-20,0.927,True,无明显瑕疵,退货原因未标注（交易流数据）,一致（退货原因未标注，待卖家补充）,待分析,dataset
RG-001000,UCI-22654,DELUXE SEWING KIT ,饰品配件,S7,锐捷制造,UCI-Retail,en,United Kingdom,17.85,2012-01-21,0.886,True,无明显瑕疵,退货原因未标注（交易流数据）,一致（退货原因未标注，待卖家补充）,待分析,dataset
RG-001001,UCI-21534,DAIRY MAID LARGE MILK JUG,饰品配件,S7,锐捷制造,UCI-Retail,en,United Kingdom,4.95,2012-03-23,0.86,True,无明显瑕疵,退货原因未标注（交易流数据）,一致（退货原因未标注，待卖家补充）,待分析,dataset
RG-001002,UCI-22456,NATURAL SLATE CHALKBOARD LARGE ,饰品配件,S7,锐捷制造,UCI-Retail,en,United Kingdom,14.85,2012-03-23,0.944,True,无明显瑕疵,退货原因未标注（交易流数据）,一致（退货原因未标注，待卖家补充）,待分析,dataset
RG-001003,UCI-84949,SILVER HANGING T-LIGHT HOLDER,3C数码,S7,锐捷制造,UCI-Retail,en,United Kingdom,3.3,2011-12-08,0.863,True,无明显瑕疵,退货原因未标注（交易流数据）,一致（退货原因未标注，待卖家补充）,待分析,dataset
RG-001004,UCI-22699,ROSES REGENCY TEACUP AND SAUCER ,小家电,S7,锐捷制造,UCI-Retail,en,United Kingdom,2.95,2012-01-19,0.9,True,无明显瑕疵,退货原因未标注（交易流数据）,一致（退货原因未标注，待卖家补充）,待分析,dataset
RG-001005,UCI-22960,JAM MAKING SET WITH JARS,饰品配件,S7,锐捷制造,UCI-Retail,en,United Kingdom,7.5,2012-01-07,0.962,True,无明显瑕疵,退货原因未标注（交易流数据）,一致（退货原因未标注，待卖家补充）,待分析,dataset
RG-001006,UCI-47566,PARTY BUNTING,饰品配件,S7,锐捷制造,UCI-Retail,en,United Kingdom,4.95,2012-02-23,0.905,True,无明显瑕疵,退货原因未标注（交易流数据）,一致（退货原因未标注，待卖家补充）,待分析,dataset
RG-001007,UCI-22149,FELTCRAFT 6 FLOWER FRIENDS,饰品配件,S7,锐捷制造,UCI-Retail,en,United Kingdom,2.1,2012-01-14,0.955,True,无明显瑕疵,退货原因未标注（交易流数据）,一致（退货原因未标注，待卖家补充）,待分析,dataset
RG-001008,UCI-21314,SMALL GLASS HEART TRINKET POT,小家电,S7,锐捷制造,UCI-Retail,en,United Kingdom,2.1,2026-06-30,0.95,True,无明显瑕疵,退货原因未标注（交易流数据）,一致（退货原因未标注，待卖家补充）,待分析,dataset
RG-001009,UCI-22960,JAM MAKING SET WITH JARS,饰品配件,S7,锐捷制造,UCI-Retail,en,United Kingdom,4.25,2012-01-18,0.916,True,无明显瑕疵,退货原因未标注（交易流数据）,一致（退货原因未标注，待卖家补充）,待分析,dataset
RG-001010,UCI-22897,OVEN MITT APPLES DESIGN,小家电,S7,锐捷制造,UCI-Retail,en,EIRE,14.5,2011-12-13,0.948,True,无明显瑕疵,退货原因未标注（交易流数据）,一致（退货原因未标注，待卖家补充）,待分析,dataset
RG-001011,UCI-21876,POTTERING MUG,饰品配件,S7,锐捷制造,UCI-Retail,en,United Kingdom,1.25,2011-12-13,0.969,True,无明显瑕疵,退货原因未标注（交易流数据）,一致（退货原因未标注，待卖家补充）,待分析,dataset
RG-001012,UCI-85063,CREAM SWEETHEART MAGAZINE RACK,小家电,S7,锐捷制造,UCI-Retail,en,United Kingdom,29.9,2012-01-25,0.896,True,无明显瑕疵,退货原因未标注（交易流数据）,一致（退货原因未标注，待卖家补充）,待分析,dataset
RG-001013,UCI-21485,RETROSPOT HEART HOT WATER BOTTLE,小家电,S7,锐捷制造,UCI-Retail,en,United Kingdom,4.95,2011-12-14,0.915,True,无明显瑕疵,退货原因未标注（交易流数据）,一致（退货原因未标注，待卖家补充）,待分析,dataset
RG-001014,UCI-22554,PLASTERS IN TIN WOODLAND ANIMALS,饰品配件,S7,锐捷制造,UCI-Retail,en,Germany,1.65,2012-03-16,0.907,True,无明显瑕疵,退货原因未标注（交易流数据）,一致（退货原因未标注，待卖家补充）,待分析,dataset
RG-001015,UCI-22398,MAGNETS PACK OF 4 SWALLOWS,饰品配件,S7,锐捷制造,UCI-Retail,en,United Kingdom,6.25,2012-03-17,0.947,True,无明显瑕疵,退货原因未标注（交易流数据）,一致（退货原因未标注，待卖家补充）,待分析,dataset
RG-001016,UCI-21537,RED RETROSPOT PUDDING BOWL,小家电,S7,锐捷制造,UCI-Retail,en,Finland,4.25,2012-03-13,0.864,True,无明显瑕疵,退货原因未标注（交易流数据）,一致（退货原因未标注，待卖家补充）,待分析,dataset
RG-001017,UCI-35004B,SET OF 3 BLACK FLYING DUCKS,饰品配件,S7,锐捷制造,UCI-Retail,en,United Kingdom,4.65,2012-02-11,0.95,True,无明显瑕疵,退货原因未标注（交易流数据）,一致（退货原因未标注，待卖家补充）,待分析,dataset
RG-001018,UCI-22720,SET OF 3 CAKE TINS PANTRY DESIGN ,小家电,S7,锐捷制造,UCI-Retail,en,United Kingdom,4.95,2012-01-04,0.883,True,无明显瑕疵,退货原因未标注（交易流数据）,一致（退货原因未标注，待卖家补充）,待分析,dataset
RG-001019,UCI-22942,CHRISTMAS LIGHTS 10 SANTAS ,3C数码,S7,锐捷制造,UCI-Retail,en,EIRE,85.0,2011-12-09,0.916,True,无明显瑕疵,退货原因未标注（交易流数据）,一致（退货原因未标注，待卖家补充）,待分析,dataset
RG-001020,UCI-POST,POSTAGE,饰品配件,S7,锐捷制造,UCI-Retail,en,United Kingdom,7.06,2012-01-05,0.893,True,无明显瑕疵,退货原因未标注（交易流数据）,一致（退货原因未标注，待卖家补充）,待分析,dataset
RG-001021,UCI-22624,IVORY KITCHEN SCALES,小家电,S7,锐捷制造,UCI-Retail,en,United Kingdom,30.6,2012-03-23,0.934,True,无明显瑕疵,退货原因未标注（交易流数据）,一致（退货原因未标注，待卖家补充）,待分析,dataset
RG-001022,UCI-22178,VICTORIAN GLASS HANGING T-LIGHT,3C数码,S7,锐捷制造,UCI-Retail,en,United Kingdom,60.0,2012-01-04,0.908,True,无明显瑕疵,退货原因未标注（交易流数据）,一致（退货原因未标注，待卖家补充）,待分析,dataset
RG-001023,UCI-21533,RETROSPOT LARGE MILK JUG,饰品配件,S7,锐捷制造,UCI-Retail,en,United Kingdom,4.25,2011-12-08,0.861,True,无明显瑕疵,退货原因未标注（交易流数据）,一致（退货原因未标注，待卖家补充）,待分析,dataset
RG-001024,UCI-22776,SWEETHEART CAKESTAND 3 TIER,小家电,S7,锐捷制造,UCI-Retail,en,United Kingdom,9.95,2011-12-16,0.966,True,无明显瑕疵,退货原因未标注（交易流数据）,一致（退货原因未标注，待卖家补充）,待分析,dataset
RG-001025,UCI-22720,SET OF 3 CAKE TINS PANTRY DESIGN ,小家电,S7,锐捷制造,UCI-Retail,en,United Kingdom,4.95,2012-02-23,0.928,True,无明显瑕疵,退货原因未标注（交易流数据）,一致（退货原因未标注，待卖家补充）,待分析,dataset
RG-001026,UCI-21314,SMALL GLASS HEART TRINKET POT,小家电,S7,锐捷制造,UCI-Retail,en,United Kingdom,2.1,2026-07-19,0.882,True,无明显瑕疵,退货原因未标注（交易流数据）,一致（退货原因未标注，待卖家补充）,待分析,dataset
RG-001027,UCI-85150,LADIES & GENTLEMEN METAL SIGN,小家电,S7,锐捷制造,UCI-Retail,en,United Kingdom,2.1,2011-12-03,0.929,True,无明显瑕疵,退货原因未标注（交易流数据）,一致（退货原因未标注，待卖家补充）,待分析,dataset
RG-001028,UCI-22698,PINK REGENCY TEACUP AND SAUCER,小家电,S7,锐捷制造,UCI-Retail,en,United Kingdom,2.95,2012-02-07,0.926,True,无明显瑕疵,退货原因未标注（交易流数据）,一致（退货原因未标注，待卖家补充）,待分析,dataset
RG-001029,UCI-21272,SALLE DE BAIN HOOK,饰品配件,S7,锐捷制造,UCI-Retail,en,United Kingdom,1.25,2012-03-02,0.874,True,无明显瑕疵,退货原因未标注（交易流数据）,一致（退货原因未标注，待卖家补充）,待分析,dataset
RG-001030,UCI-21232,STRAWBERRY CERAMIC TRINKET BOX,饰品配件,S7,锐捷制造,UCI-Retail,en,United Kingdom,1.25,2011-12-29,0.901,True,无明显瑕疵,退货原因未标注（交易流数据）,一致（退货原因未标注，待卖家补充）,待分析,dataset
RG-001031,UCI-22383,LUNCH BAG SUKI DESIGN ,小家电,S7,锐捷制造,UCI-Retail,en,United Kingdom,1.65,2012-02-23,0.877,True,无明显瑕疵,退货原因未标注（交易流数据）,一致（退货原因未标注，待卖家补充）,待分析,dataset
RG-001032,UCI-22424,ENAMEL BREAD BIN CREAM,饰品配件,S7,锐捷制造,UCI-Retail,en,United Kingdom,12.75,2012-03-29,0.876,True,无明显瑕疵,退货原因未标注（交易流数据）,一致（退货原因未标注，待卖家补充）,待分析,dataset
RG-001033,UCI-22055,MINI CAKE STAND  HANGING STRAWBERY,饰品配件,S7,锐捷制造,UCI-Retail,en,United Kingdom,1.65,2011-12-05,0.866,True,无明显瑕疵,退货原因未标注（交易流数据）,一致（退货原因未标注，待卖家补充）,待分析,dataset
RG-001034,UCI-20803,SMALL PINK GLASS SUNDAE DISH,饰品配件,S7,锐捷制造,UCI-Retail,en,United Kingdom,15.12,2011-12-10,0.863,True,无明显瑕疵,退货原因未标注（交易流数据）,一致（退货原因未标注，待卖家补充）,待分析,dataset
RG-001035,UCI-22923,FRIDGE MAGNETS LES ENFANTS ASSORTED,小家电,S7,锐捷制造,UCI-Retail,en,United Kingdom,11.05,2011-12-13,0.876,True,无明显瑕疵,退货原因未标注（交易流数据）,一致（退货原因未标注，待卖家补充）,待分析,dataset
RG-001036,UCI-22892,SET OF SALT AND PEPPER TOADSTOOLS,饰品配件,S7,锐捷制造,UCI-Retail,en,Germany,3.75,2012-01-21,0.908,True,无明显瑕疵,退货原因未标注（交易流数据）,一致（退货原因未标注，待卖家补充）,待分析,dataset
RG-001037,UCI-22962,JAM JAR WITH PINK LID,饰品配件,S7,锐捷制造,UCI-Retail,en,United Kingdom,1.7,2012-03-17,0.965,True,无明显瑕疵,退货原因未标注（交易流数据）,一致（退货原因未标注，待卖家补充）,待分析,dataset
RG-001038,UCI-84949,SILVER HANGING T-LIGHT HOLDER,3C数码,S7,锐捷制造,UCI-Retail,en,United Kingdom,4.95,2011-12-07,0.888,True,无明显瑕疵,退货原因未标注（交易流数据）,一致（退货原因未标注，待卖家补充）,待分析,dataset
RG-001039,UCI-21224,SET/4 SKULL BADGES,饰品配件,S7,锐捷制造,UCI-Retail,en,United Kingdom,7.5,2012-03-10,0.915,True,无明显瑕疵,退货原因未标注（交易流数据）,一致（退货原因未标注，待卖家补充）,待分析,dataset
RG-001040,UCI-22440,BALLOON WATER BOMB PACK OF 35,饰品配件,S7,锐捷制造,UCI-Retail,en,United Kingdom,4.2,2012-01-13,0.915,True,无明显瑕疵,退货原因未标注（交易流数据）,一致（退货原因未标注，待卖家补充）,待分析,dataset
RG-001041,UCI-21314,SMALL GLASS HEART TRINKET POT,小家电,S7,锐捷制造,UCI-Retail,en,United Kingdom,4.2,2026-08-07,0.927,True,无明显瑕疵,退货原因未标注（交易流数据）,一致（退货原因未标注，待卖家补充）,待分析,dataset
RG-001042,UCI-35004C,SET OF 3 COLOURED  FLYING DUCKS,饰品配件,S7,锐捷制造,UCI-Retail,en,United Kingdom,16.35,2012-01-24,0.883,True,无明显瑕疵,退货原因未标注（交易流数据）,一致（退货原因未标注，待卖家补充）,待分析,dataset
RG-001043,UCI-21121,SET/10 RED POLKADOT PARTY CANDLES,饰品配件,S7,锐捷制造,UCI-Retail,en,Germany,30.0,2012-01-21,0.864,True,无明显瑕疵,退货原因未标注（交易流数据）,一致（退货原因未标注，待卖家补充）,待分析,dataset
RG-001044,UCI-22386,JUMBO BAG PINK POLKADOT,服饰鞋包,S7,锐捷制造,UCI-Retail,en,United Kingdom,3.9,2011-12-07,0.917,True,无明显瑕疵,退货原因未标注（交易流数据）,一致（退货原因未标注，待卖家补充）,待分析,dataset
RG-001045,UCI-22360,GLASS JAR ENGLISH CONFECTIONERY,饰品配件,S7,锐捷制造,UCI-Retail,en,United Kingdom,10.2,2012-01-04,0.941,True,无明显瑕疵,退货原因未标注（交易流数据）,一致（退货原因未标注，待卖家补充）,待分析,dataset
RG-001046,UCI-22794,SWEETHEART WIRE MAGAZINE RACK,3C数码,S7,锐捷制造,UCI-Retail,en,United Kingdom,7.95,2012-02-04,0.949,True,无明显瑕疵,退货原因未标注（交易流数据）,一致（退货原因未标注，待卖家补充）,待分析,dataset
RG-001047,UCI-22230,JIGSAW TREE WITH WATERING CAN,饰品配件,S7,锐捷制造,UCI-Retail,en,United Kingdom,0.85,2011-12-07,0.887,True,无明显瑕疵,退货原因未标注（交易流数据）,一致（退货原因未标注，待卖家补充）,待分析,dataset
RG-001048,UCI-21735,TWO DOOR CURIO CABINET,小家电,S7,锐捷制造,UCI-Retail,en,United Kingdom,197.1,2011-12-28,0.864,True,无明显瑕疵,退货原因未标注（交易流数据）,一致（退货原因未标注，待卖家补充）,待分析,dataset
RG-001049,UCI-85025B,EAU DE NILE HEART SHAPE PHOTO FRAME,小家电,S7,锐捷制造,UCI-Retail,en,United Kingdom,1.65,2012-01-02,0.957,True,无明显瑕疵,退货原因未标注（交易流数据）,一致（退货原因未标注，待卖家补充）,待分析,dataset
RG-001050,UCI-22680,FRENCH BLUE METAL DOOR SIGN 5,小家电,S7,锐捷制造,UCI-Retail,en,United Kingdom,25.0,2011-12-07,0.91,True,无明显瑕疵,退货原因未标注（交易流数据）,一致（退货原因未标注，待卖家补充）,待分析,dataset
RG-001051,TL-B57FAC77CA8CCADBCCA2335607697701,LibbySue-A Luxurious Pashmina Silk Blend Scarf,饰品配件,S7,锐捷制造,TheLook,en,US,18.0,2021-02-13,0.897,True,无明显瑕疵,退货原因未标注（订单流数据）,一致（退货原因未标注，待卖家补充）,待分析,dataset
RG-001052,TL-0D0E307E4FFE5531D2DE1101F98992BE,Fruit Of The Loom Men's Ankle-5 Pack Socks,饰品配件,S7,锐捷制造,TheLook,en,US,10.99,2023-03-19,0.957,True,无明显瑕疵,退货原因未标注（订单流数据）,一致（退货原因未标注，待卖家补充）,待分析,dataset
RG-001053,TL-987E7576322CF0C63ED9C3229149A2A6,Quiksilver Waypoint 22 Boardshorts White,饰品配件,S7,锐捷制造,TheLook,en,US,49.5,2022-08-10,0.87,True,无明显瑕疵,退货原因未标注（订单流数据）,一致（退货原因未标注，待卖家补充）,待分析,dataset
RG-001054,TL-33686C2D8930BE81C843FFB7D4312605,Commando Ultimate Opaque Control Top Tights - Black - Large,饰品配件,S7,锐捷制造,TheLook,en,US,36.0,2023-04-03,0.93,True,无明显瑕疵,退货原因未标注（订单流数据）,一致（退货原因未标注，待卖家补充）,待分析,dataset
RG-001055,TL-9F7EEFA9ACE77815CB6B9575512A0171,Weatherproof Adult Heathland 1/4 Zip Sweater Black Large,服饰鞋包,S7,锐捷制造,TheLook,en,US,38.0,2022-10-29,0.861,True,无明显瑕疵,退货原因未标注（订单流数据）,一致（退货原因未标注，待卖家补充）,待分析,dataset
RG-001056,TL-83E8FE6279AD25F15B23C6298C6A3584,New 4 Bone Hoop Slip with 3 Ruffles Bridal Petticoat Wedding Gown Slip (CH135DS),饰品配件,S7,锐捷制造,TheLook,en,US,29.95,2022-12-25,0.955,True,无明显瑕疵,退货原因未标注（订单流数据）,一致（退货原因未标注，待卖家补充）,待分析,dataset
RG-001057,TL-95EF1128340226D8325BA751BFAC05EB,G by GUESS Korbin Slim Jeans - Javelin Wash - 30 &a,饰品配件,S7,锐捷制造,TheLook,en,US,49.5,2022-04-28,0.934,True,无明显瑕疵,退货原因未标注（订单流数据）,一致（退货原因未标注，待卖家补充）,待分析,dataset
RG-001058,TL-C719661049FDB28EB938384500B8AD60,Brixton Men's Hooligan Snap Cap,饰品配件,S7,锐捷制造,TheLook,en,US,34.0,2021-12-05,0.88,True,无明显瑕疵,退货原因未标注（订单流数据）,一致（退货原因未标注，待卖家补充）,待分析,dataset
RG-001059,TL-92AF93F73FAF3CEFC129B6BC55A748A9,MJ Soffe Juniors Rugby Fleece Zip Hoodie,服饰鞋包,S7,锐捷制造,TheLook,en,US,25.0,2023-05-03,0.911,True,无明显瑕疵,退货原因未标注（订单流数据）,一致（退货原因未标注，待卖家补充）,待分析,dataset
RG-001060,TL-34FF028FC02B773B8885B59AEE142E60,Glamourmom Nursing Bra Basic Tank,饰品配件,S7,锐捷制造,TheLook,en,US,25.0,2023-02-27,0.966,True,无明显瑕疵,退货原因未标注（订单流数据）,一致（退货原因未标注，待卖家补充）,待分析,dataset
RG-001061,TL-416D82333549F01F83244E2439BEDC6F,626 BLUE Big & Tall Ripstop Cargo Shorts,饰品配件,S7,锐捷制造,TheLook,en,US,55.0,2022-07-26,0.88,True,无明显瑕疵,退货原因未标注（订单流数据）,一致（退货原因未标注，待卖家补充）,待分析,dataset
RG-001062,TL-A057378E3FD83AF33775777B5183603B,Quiksilver Waterman Men's Sea-A-Sucker Boardshort,服饰鞋包,S7,锐捷制造,TheLook,en,US,65.0,2021-11-15,0.867,True,无明显瑕疵,退货原因未标注（订单流数据）,一致（退货原因未标注，待卖家补充）,待分析,dataset
RG-001063,TL-34CE7C7C929DEF87490D7326D2A2B70F,Burnside Men's Young Armada Ripstop Short,饰品配件,S7,锐捷制造,TheLook,en,US,40.22,2021-01-02,0.891,True,无明显瑕疵,退货原因未标注（订单流数据）,一致（退货原因未标注，待卖家补充）,待分析,dataset
RG-001064,TL-523DF5A6DB0544F3600434B9FFE68367,Slimme High Waisted Capri Leggings,饰品配件,S7,锐捷制造,TheLook,en,US,27.2,2021-07-04,0.915,True,无明显瑕疵,退货原因未标注（订单流数据）,一致（退货原因未标注，待卖家补充）,待分析,dataset
RG-001065,TL-FE2B421B8B5F0E7C355ACE66A9FE0206,Democracy Women's Denim Jacket with Knit Contrast Sleeves,服饰鞋包,S7,锐捷制造,TheLook,en,US,68.0,2020-03-26,0.89,True,无明显瑕疵,退货原因未标注（订单流数据）,一致（退货原因未标注，待卖家补充）,待分析,dataset
RG-001066,TL-DA5DA79FC8144F79CA907A04066EDCD2,2 PC. Ladies Black Bandeau Tankini Swimsuit,服饰鞋包,S7,锐捷制造,TheLook,en,US,34.99,2023-05-29,0.925,True,无明显瑕疵,退货原因未标注（订单流数据）,一致（退货原因未标注，待卖家补充）,待分析,dataset
RG-001067,TL-1F5795E7B93F423C397E6F7AAFF80133,Levi's Women's Demi Curve Slim Fit Jean,饰品配件,S7,锐捷制造,TheLook,en,US,44.99,2021-09-22,0.905,True,无明显瑕疵,退货原因未标注（订单流数据）,一致（退货原因未标注，待卖家补充）,待分析,dataset
RG-001068,TL-96A4D89BA25627B2966703BAE2947543,Rewash Denim Belted Shorts,饰品配件,S7,锐捷制造,TheLook,en,US,17.64,2022-07-18,0.928,True,无明显瑕疵,退货原因未标注（订单流数据）,一致（退货原因未标注，待卖家补充）,待分析,dataset
RG-001069,TL-208A95C32104C4DC63991936C4BDC3B8,IZOD Men's American Chino Straight Fit Pant,服饰鞋包,S7,锐捷制造,TheLook,en,US,59.5,2022-12-16,0.898,True,无明显瑕疵,退货原因未标注（订单流数据）,一致（退货原因未标注，待卖家补充）,待分析,dataset
RG-001070,TL-DBE2EC22CEE2BF4699CA1C0629805450,Volcom Men's EDS Pullover Hoodie,饰品配件,S7,锐捷制造,TheLook,en,US,50.0,2022-06-26,0.868,True,无明显瑕疵,退货原因未标注（订单流数据）,一致（退货原因未标注，待卖家补充）,待分析,dataset
RG-001071,TL-EA9C39A35857068756C18D8A47AC9C33,S-t-r-e-t-c-h Corduroy Pants / Pleated Light Brown Cuffed,服饰鞋包,S7,锐捷制造,TheLook,en,US,149.0,2022-03-25,0.944,True,无明显瑕疵,退货原因未标注（订单流数据）,一致（退货原因未标注，待卖家补充）,待分析,dataset
RG-001072,TL-36F9C2AE6EC1D54417FA9C6BA46BA9BD,Point6 Active Medium Crew Socks,饰品配件,S7,锐捷制造,TheLook,en,US,18.95,2022-11-06,0.931,True,无明显瑕疵,退货原因未标注（订单流数据）,一致（退货原因未标注，待卖家补充）,待分析,dataset
RG-001073,TL-1FA6269F58898F0E809575C9A48747EF,B.ella Women's Althea Touch Of Cashmere Stripe Crew Socks,饰品配件,S7,锐捷制造,TheLook,en,US,10.5,2022-05-09,0.95,True,无明显瑕疵,退货原因未标注（订单流数据）,一致（退货原因未标注，待卖家补充）,待分析,dataset
RG-001074,TL-E5B5B8D9882F4831304D99C39E49DA4F,Hugo Boss Men's Boxer BF 2 Pack,服饰鞋包,S7,锐捷制造,TheLook,en,US,34.0,2022-11-19,0.886,True,无明显瑕疵,退货原因未标注（订单流数据）,一致（退货原因未标注，待卖家补充）,待分析,dataset
RG-001075,TL-D523773C6B194F37B938D340D5D02232,Fox Racing - Fox Girls Longsleeve - Tricks Fleece,服饰鞋包,S7,锐捷制造,TheLook,en,US,39.5,2022-05-29,0.947,True,无明显瑕疵,退货原因未标注（订单流数据）,一致（退货原因未标注，待卖家补充）,待分析,dataset
RG-001076,TL-FE5E746F078FB13928D9558651397BE2,Leather Cover Passport Holder Travel Wallet with Logo Available in Different Colors,饰品配件,S7,锐捷制造,TheLook,en,US,11.99,2023-04-19,0.867,True,无明显瑕疵,退货原因未标注（订单流数据）,一致（退货原因未标注，待卖家补充）,待分析,dataset
RG-001077,TL-2635749C5721BB3D5021CE2144CA0146,Champion Men's Champion Eco Open Bottom Pant,饰品配件,S7,锐捷制造,TheLook,en,US,28.0,2023-02-12,0.87,True,无明显瑕疵,退货原因未标注（订单流数据）,一致（退货原因未标注，待卖家补充）,待分析,dataset
RG-001078,TL-AB1062AB25EB85EB767D2D376DEC519E,Haggar Mens Textured Stripe Plain Front Pant,服饰鞋包,S7,锐捷制造,TheLook,en,US,32.99,2022-08-05,0.91,True,无明显瑕疵,退货原因未标注（订单流数据）,一致（退货原因未标注，待卖家补充）,待分析,dataset
RG-001079,TL-B2BB9671F6BDA2005155A9078B6FCD07,Braza Petal Tops Nipple Covers Style 1140P,饰品配件,S7,锐捷制造,TheLook,en,US,6.0,2023-03-11,0.958,True,无明显瑕疵,退货原因未标注（订单流数据）,一致（退货原因未标注，待卖家补充）,待分析,dataset
RG-001080,TL-85040C47172A95869F1A82C180AE7701,Angelina Double-layer / Microfiber lined Cozy Pilot Cap / Ski Hats with Pompon.,饰品配件,S7,锐捷制造,TheLook,en,US,14.99,2023-04-24,0.896,True,无明显瑕疵,退货原因未标注（订单流数据）,一致（退货原因未标注，待卖家补充）,待分析,dataset
RG-001081,TL-10FB6CFA4C990D2BAD5DDEF4F70E8BA2,Pencey Standard Women's Warrior Blazer,饰品配件,S7,锐捷制造,TheLook,en,US,180.0,2023-04-20,0.933,True,无明显瑕疵,退货原因未标注（订单流数据）,一致（退货原因未标注，待卖家补充）,待分析,dataset
RG-001082,TL-CC580A0617B08B2CE02582E0AF20875C,ATHENA Women's Trinidad Skirted Pant,服饰鞋包,S7,锐捷制造,TheLook,en,US,45.75,2023-06-05,0.947,True,无明显瑕疵,退货原因未标注（订单流数据）,一致（退货原因未标注，待卖家补充）,待分析,dataset
RG-001083,TL-0DCD298D1DDCF500F4D5B12159A7DB11,Quiksilver Men's Full On Solid Walkshort,饰品配件,S7,锐捷制造,TheLook,en,US,49.5,2023-03-21,0.893,True,无明显瑕疵,退货原因未标注（订单流数据）,一致（退货原因未标注，待卖家补充）,待分析,dataset
RG-001084,TL-78F41579C50B633EC3C475380260FB61,Felina Desirables Garter Belt Accessory (M/L Black),饰品配件,S7,锐捷制造,TheLook,en,US,14.5,2023-06-05,0.947,True,无明显瑕疵,退货原因未标注（订单流数据）,一致（退货原因未标注，待卖家补充）,待分析,dataset
RG-001085,TL-448EA1E596840CFABDF8E0DCDAEE48F3,True Religion Men's Isaac Basic Mens Cargo Short,饰品配件,S7,锐捷制造,TheLook,en,US,196.0,2022-08-23,0.9,True,无明显瑕疵,退货原因未标注（订单流数据）,一致（退货原因未标注，待卖家补充）,待分析,dataset
RG-001086,TL-45988A729DF28F554D96A5B9932B17E1,Gold Toe Women's Fashion Pack B,饰品配件,S7,锐捷制造,TheLook,en,US,15.0,2023-03-06,0.867,True,无明显瑕疵,退货原因未标注（订单流数据）,一致（退货原因未标注，待卖家补充）,待分析,dataset
RG-001087,TL-0B7FF420BE23B7BD97F7A687E6B8246B,Men's Cashmere Mix Socks Made in Scotland 85% Cashmere,饰品配件,S7,锐捷制造,TheLook,en,US,70.0,2021-08-23,0.868,True,无明显瑕疵,退货原因未标注（订单流数据）,一致（退货原因未标注，待卖家补充）,待分析,dataset
RG-001088,TL-F6370BEF326F11083C0FC214D6D01D12,Speedo Men's Race Nylon Solid Water Polo Brief Swimsuit,服饰鞋包,S7,锐捷制造,TheLook,en,US,25.95,2023-02-21,0.958,True,无明显瑕疵,退货原因未标注（订单流数据）,一致（退货原因未标注，待卖家补充）,待分析,dataset
RG-001089,TL-9DE812F86FCB6F1CD0F661D684978665,American Essentials Men's Luxurious Spa Robe,饰品配件,S7,锐捷制造,TheLook,en,US,98.0,2023-03-06,0.899,True,无明显瑕疵,退货原因未标注（订单流数据）,一致（退货原因未标注，待卖家补充）,待分析,dataset
RG-001090,TL-0B6B2C2092FA735AFD2B9B1DA3D5DB43,Ranch Vest,服饰鞋包,S7,锐捷制造,TheLook,en,US,129.0,2023-04-17,0.912,True,无明显瑕疵,退货原因未标注（订单流数据）,一致（退货原因未标注，待卖家补充）,待分析,dataset
RG-001091,TL-14C76E43C96A01242E2C61E918E9D4BA,Diesel Men's Thavar Skinny Straight Jean,饰品配件,S7,锐捷制造,TheLook,en,US,325.0,2023-05-10,0.949,True,无明显瑕疵,退货原因未标注（订单流数据）,一致（退货原因未标注，待卖家补充）,待分析,dataset
RG-001092,TL-3A900DC34F5F470BC5B734222F657D7F,Speedo Girls 7-16 Youth Fractal Point Flyback Xtra Life Lycra Swimsuit,服饰鞋包,S7,锐捷制造,TheLook,en,US,73.99,2022-10-29,0.865,True,无明显瑕疵,退货原因未标注（订单流数据）,一致（退货原因未标注，待卖家补充）,待分析,dataset
RG-001093,TL-481263854FACF41A2F8A64A21956D87B,Ladies Blue Woven Cotton Shorts,饰品配件,S7,锐捷制造,TheLook,en,US,11.5,2022-09-01,0.862,True,无明显瑕疵,退货原因未标注（订单流数据）,一致（退货原因未标注，待卖家补充）,待分析,dataset
RG-001094,TL-B33128CB0089003DDFB5199E1B679652,Black Shiny Liquid Mini Skirt Elastic Waist Band,饰品配件,S7,锐捷制造,TheLook,en,US,19.95,2022-02-08,0.869,True,无明显瑕疵,退货原因未标注（订单流数据）,一致（退货原因未标注，待卖家补充）,待分析,dataset
RG-001095,TL-9DE6D14FFF9806D4BCD1EF555BE766CD,Bella Ladies B6450 Missy Fit L-Sleeve Crew Neck Jersey T-Shirt,服饰鞋包,S7,锐捷制造,TheLook,en,US,25.75,2023-05-26,0.907,True,无明显瑕疵,退货原因未标注（订单流数据）,一致（退货原因未标注，待卖家补充）,待分析,dataset
RG-001096,TL-40547606FBA6796B5CDED9CF8F7B6062,point6 1153 Active Light Cushion Mini Crew Socks,饰品配件,S7,锐捷制造,TheLook,en,US,16.0,2021-10-22,0.947,True,无明显瑕疵,退货原因未标注（订单流数据）,一致（退货原因未标注，待卖家补充）,待分析,dataset
RG-001097,TL-3FD1B2C1E64D1B6E4A31D9D668849979,Lace Babydoll Set with Mitt-Red,饰品配件,S7,锐捷制造,TheLook,en,US,24.0,2022-08-14,0.886,True,无明显瑕疵,退货原因未标注（订单流数据）,一致（退货原因未标注，待卖家补充）,待分析,dataset
RG-001098,TL-C5C7F9399D1AAB6CD84120ADD111C5C0,Volcom Frayer Jean Cutoff Short - Men's,饰品配件,S7,锐捷制造,TheLook,en,US,55.0,2021-05-02,0.901,True,无明显瑕疵,退货原因未标注（订单流数据）,一致（退货原因未标注，待卖家补充）,待分析,dataset
RG-001099,TL-DC506560E1F9F5F4A27C6614123E2E50,Perfect Fit Slimsuit Bottom Only in 3 Colors,服饰鞋包,S7,锐捷制造,TheLook,en,US,49.0,2022-10-05,0.873,True,无明显瑕疵,退货原因未标注（订单流数据）,一致（退货原因未标注，待卖家补充）,待分析,dataset
RG-001100,TL-286B0B3EA509AF1AEFF6BB47299D96D7,Haggar Men's Work To Weekend Flat Front Expandable Waist Trouser Denim,饰品配件,S7,锐捷制造,TheLook,en,US,60.0,2022-01-22,0.967,True,无明显瑕疵,退货原因未标注（订单流数据）,一致（退货原因未标注，待卖家补充）,待分析,dataset
RG-001101,TL-49EFA7F6C43EC1675DA803542CB6EE5C,Quiksilver Men's Union Surplus Walk Short,饰品配件,S7,锐捷制造,TheLook,en,US,49.5,2022-12-02,0.925,True,无明显瑕疵,退货原因未标注（订单流数据）,一致（退货原因未标注，待卖家补充）,待分析,dataset
RG-001102,TL-0F701E22C252A24D9449E829B0C21666,PEZ D'OR Women's Maternity Bathing Beauty Maillot - Love Boat,饰品配件,S7,锐捷制造,TheLook,en,US,69.86,2020-05-17,0.918,True,无明显瑕疵,退货原因未标注（订单流数据）,一致（退货原因未标注，待卖家补充）,待分析,dataset
RG-001103,TL-236522D75C8164F90A85448456E1D1AA,Vanity Fair Women's Vanity Fair Body Caress Wirefree Bra #72335,饰品配件,S7,锐捷制造,TheLook,en,US,34.0,2022-06-28,0.925,True,无明显瑕疵,退货原因未标注（订单流数据）,一致（退货原因未标注，待卖家补充）,待分析,dataset
RG-001104,TL-F7F84297F903C4AE67E9B17EBB49C5A3,Anne Klein Women's 2 Pack Stripe Roll Top Knee High Socks,饰品配件,S7,锐捷制造,TheLook,en,US,28.0,2022-12-06,0.944,True,无明显瑕疵,退货原因未标注（订单流数据）,一致（退货原因未标注，待卖家补充）,待分析,dataset
RG-001105,TL-C831E9B5F6C9BAB6B23C26C2DAB2A29C,Sag Harbor Women's Slimming Panel Pant,服饰鞋包,S7,锐捷制造,TheLook,en,US,28.0,2022-12-07,0.881,True,无明显瑕疵,退货原因未标注（订单流数据）,一致（退货原因未标注，待卖家补充）,待分析,dataset
RG-001106,TL-F4A4DA9AA7EADFD23C7BDB7CF57B3112,Allegra K Ladies Long Sleeves Bear Ear Design Hooded Casual Coat Light Gray XS,服饰鞋包,S7,锐捷制造,TheLook,en,US,19.31,2023-03-24,0.944,True,无明显瑕疵,退货原因未标注（订单流数据）,一致（退货原因未标注，待卖家补充）,待分析,dataset
RG-001107,TL-C8C3924A3385B6C14B4420F557B60608,Modern Culture Men's Printed Stripe Slub Hoodie,服饰鞋包,S7,锐捷制造,TheLook,en,US,25.0,2023-01-21,0.96,True,无明显瑕疵,退货原因未标注（订单流数据）,一致（退货原因未标注，待卖家补充）,待分析,dataset
RG-001108,TL-068BCDAD6ACCBEE0B2ADC53CB82EB533,Ted Baker Men's Corgie Mid Length Short,服饰鞋包,S7,锐捷制造,TheLook,en,US,85.0,2023-06-03,0.936,True,无明显瑕疵,退货原因未标注（订单流数据）,一致（退货原因未标注，待卖家补充）,待分析,dataset
RG-001109,TL-4C649D75FCD644B660B3DF0ED5E8C656,Tommy Hilfiger Men's Trim Fit 2 Button Side Vent Gingham Sport Coat,服饰鞋包,S7,锐捷制造,TheLook,en,US,225.0,2023-01-11,0.935,True,无明显瑕疵,退货原因未标注（订单流数据）,一致（退货原因未标注，待卖家补充）,待分析,dataset
RG-001110,TL-9A0EE0A9E7A42D2D69B8F86B3A0756B1,Southpole Junior's Basic Uniform Bootcut Pant,服饰鞋包,S7,锐捷制造,TheLook,en,US,25.0,2021-12-29,0.921,True,无明显瑕疵,退货原因未标注（订单流数据）,一致（退货原因未标注，待卖家补充）,待分析,dataset
RG-001111,TL-0F19D4D93EA331B17B6156E8FCDC6E3C,Lace Transparent Babydoll Set-Black,饰品配件,S7,锐捷制造,TheLook,en,US,23.0,2023-01-16,0.953,True,无明显瑕疵,退货原因未标注（订单流数据）,一致（退货原因未标注，待卖家补充）,待分析,dataset
RG-001112,TL-383D86008EDAE3A3A7E68C59C0DA6DBE,Mountain Hardwear Men's Chillwave Down Parka,服饰鞋包,S7,锐捷制造,TheLook,en,US,375.0,2023-05-27,0.941,True,无明显瑕疵,退货原因未标注（订单流数据）,一致（退货原因未标注，待卖家补充）,待分析,dataset
RG-001113,TL-02F657D55EAF1C4840CE8D66FCDAF90C,Danskin Women's Velourable Pant,饰品配件,S7,锐捷制造,TheLook,en,US,45.0,2022-06-24,0.88,True,无明显瑕疵,退货原因未标注（订单流数据）,一致（退货原因未标注，待卖家补充）,待分析,dataset
RG-001114,TL-845F3CB43A07259B2E4724DFA5C5C0D1,Tiana B Women's The Waterfall Chiffon Dress,服饰鞋包,S7,锐捷制造,TheLook,en,US,25.0,2022-12-08,0.899,True,无明显瑕疵,退货原因未标注（订单流数据）,一致（退货原因未标注，待卖家补充）,待分析,dataset
RG-001115,TL-89113BDE06950FEDE1C11C346EA78046,Rene Rofe 2-Piece Sequin Bikini Set,饰品配件,S7,锐捷制造,TheLook,en,US,13.88,2023-02-09,0.951,True,无明显瑕疵,退货原因未标注（订单流数据）,一致（退货原因未标注，待卖家补充）,待分析,dataset
RG-001116,TL-AE4A7F24198FDD65303C7B5B7744C229,Icebreaker Men's Legacy Coat,服饰鞋包,S7,锐捷制造,TheLook,en,US,350.0,2021-08-05,0.915,True,无明显瑕疵,退货原因未标注（订单流数据）,一致（退货原因未标注，待卖家补充）,待分析,dataset
RG-001117,TL-47257279D0B4F033E373B16E65F8F089,Seven7 Women's Cord Skinny Jean 77 Pocket,饰品配件,S7,锐捷制造,TheLook,en,US,69.0,2020-10-26,0.964,True,无明显瑕疵,退货原因未标注（订单流数据）,一致（退货原因未标注，待卖家补充）,待分析,dataset
RG-001118,TL-AC56F8FE9EEA3E4A365F29F0F1957C55,Angelina Lace Boxer Short with Lined Cotton Crotch No Side Seams #3048 Available in Dozen-Pack Assorted Color or 6-Pair-Pack All Red or All Black,饰品配件,S7,锐捷制造,TheLook,en,US,25.0,2023-03-20,0.914,True,无明显瑕疵,退货原因未标注（订单流数据）,一致（退货原因未标注，待卖家补充）,待分析,dataset
RG-001119,TL-E5C28CCC603C447214755C11CA54ACB6,Filson Lightweight Moleskin Vest Liner - Brown,服饰鞋包,S7,锐捷制造,TheLook,en,US,135.0,2022-12-02,0.919,True,无明显瑕疵,退货原因未标注（订单流数据）,一致（退货原因未标注，待卖家补充）,待分析,dataset
RG-001120,TL-BDBF9F2A1411D76DB73C21774AE1A96E,John Hanly & Co. Irish Tweed Flat Cap - Patchwork - Made in Ireland,饰品配件,S7,锐捷制造,TheLook,en,US,57.0,2021-07-21,0.894,True,无明显瑕疵,退货原因未标注（订单流数据）,一致（退货原因未标注，待卖家补充）,待分析,dataset
RG-001121,TL-C09F9CAF5E08836D4673CCDD69BB041E,French Connection Women's Susu Stripe Boatneck Dress,服饰鞋包,S7,锐捷制造,TheLook,en,US,78.0,2022-11-23,0.916,True,无明显瑕疵,退货原因未标注（订单流数据）,一致（退货原因未标注，待卖家补充）,待分析,dataset
RG-001122,TL-60B8B65C7B7342A9CAA07A07AEA0CCAC,Oneill Men's Drifter Crew Neck Hoodie,服饰鞋包,S7,锐捷制造,TheLook,en,US,25.0,2023-03-10,0.946,True,无明显瑕疵,退货原因未标注（订单流数据）,一致（退货原因未标注，待卖家补充）,待分析,dataset
RG-001123,TL-FA61EA37615D26BEFA7A928B1FFCE806,Duofold Men's Mid-Weight Union Suit,服饰鞋包,S7,锐捷制造,TheLook,en,US,59.0,2023-05-19,0.915,True,无明显瑕疵,退货原因未标注（订单流数据）,一致（退货原因未标注，待卖家补充）,待分析,dataset
RG-001124,TL-260C2432A0EECC28CE03C10DADC078A4,Allegra K Lady One Button Front Semi Sheer Irregular Hem Chiffon Outerwear XS,饰品配件,S7,锐捷制造,TheLook,en,US,11.7,2022-09-21,0.934,True,无明显瑕疵,退货原因未标注（订单流数据）,一致（退货原因未标注，待卖家补充）,待分析,dataset
RG-001125,TL-8A9E0B75ECCC318E8E449B34F0A56462,VIVILLI Sexy Transparent Babydoll Set-Black,饰品配件,S7,锐捷制造,TheLook,en,US,23.0,2022-12-15,0.92,True,无明显瑕疵,退货原因未标注（订单流数据）,一致（退货原因未标注，待卖家补充）,待分析,dataset
RG-001126,TL-B0BA5C44AAF65F6CA34CF116E6D82EBF,Volcom Juniors V.co Meadow Short,饰品配件,S7,锐捷制造,TheLook,en,US,35.0,2020-09-24,0.944,True,无明显瑕疵,退货原因未标注（订单流数据）,一致（退货原因未标注，待卖家补充）,待分析,dataset
RG-001127,TL-B4FEEDA018954B3A901F25F66E7F911E,Wolverine Men's Basic Milled Leather Strap Belt,饰品配件,S7,锐捷制造,TheLook,en,US,33.0,2022-04-21,0.966,True,无明显瑕疵,退货原因未标注（订单流数据）,一致（退货原因未标注，待卖家补充）,待分析,dataset
RG-001128,TL-CC598895A76714DFF4C34B2361569B37,Harmonie Womens Solid Legwarmer,饰品配件,S7,锐捷制造,TheLook,en,US,11.0,2021-05-08,0.96,True,无明显瑕疵,退货原因未标注（订单流数据）,一致（退货原因未标注，待卖家补充）,待分析,dataset
RG-001129,TL-2FE5A27CDE066C0B65ACB8F2C1717464,Miss Me Jeans Chain Reaction Fleur De Lis Straight Leg Jeans (JP6048S) - Dark Blue,饰品配件,S7,锐捷制造,TheLook,en,US,102.0,2022-04-21,0.937,True,无明显瑕疵,退货原因未标注（订单流数据）,一致（退货原因未标注，待卖家补充）,待分析,dataset
RG-001130,TL-7D5AECFE8B106CD88AE2855CD8BD7604,Nike Dri-Fit Quarter Socks (Large),饰品配件,S7,锐捷制造,TheLook,en,US,15.99,2023-06-05,0.944,True,无明显瑕疵,退货原因未标注（订单流数据）,一致（退货原因未标注，待卖家补充）,待分析,dataset
RG-001131,TL-A4E56C27A3E2A2FC8CCD7D91A2945F90,TAXI Wallet Canyon,饰品配件,S7,锐捷制造,TheLook,en,US,49.0,2022-09-30,0.93,True,无明显瑕疵,退货原因未标注（订单流数据）,一致（退货原因未标注，待卖家补充）,待分析,dataset
RG-001132,TL-CAF14D79A71090573D8741986B4AE1A4,Playtex Women's Cross Your Heart Lightly Lined Seamless Soft Cup Bra #655,饰品配件,S7,锐捷制造,TheLook,en,US,28.0,2022-05-03,0.934,True,无明显瑕疵,退货原因未标注（订单流数据）,一致（退货原因未标注，待卖家补充）,待分析,dataset
RG-001133,TL-12B1E42DC0746F22CF361267DE07073F,La Hearts Womens Pullover Hoodie,服饰鞋包,S7,锐捷制造,TheLook,en,US,44.5,2023-05-29,0.949,True,无明显瑕疵,退货原因未标注（订单流数据）,一致（退货原因未标注，待卖家补充）,待分析,dataset
RG-001134,TL-BB27B25E4C03D002E86F30C7D7EAE6C3,Hudson Men's Byron Straight Leg Pant,饰品配件,S7,锐捷制造,TheLook,en,US,194.0,2021-07-11,0.869,True,无明显瑕疵,退货原因未标注（订单流数据）,一致（退货原因未标注，待卖家补充）,待分析,dataset
RG-001135,TL-827D73770AAF3EA56E4DDBD99F0141F7,Opaque Faux Stocking With Suspender Belt - Black Opaque Suspender Designer Pantyhose (Tights),饰品配件,S7,锐捷制造,TheLook,en,US,15.99,2023-03-05,0.921,True,无明显瑕疵,退货原因未标注（订单流数据）,一致（退货原因未标注，待卖家补充）,待分析,dataset
RG-001136,TL-912575C953FA7ADD432C5C9DB31FAE70,Hurley Men's Winston Trouser Walkshort,饰品配件,S7,锐捷制造,TheLook,en,US,41.25,2022-02-08,0.958,True,无明显瑕疵,退货原因未标注（订单流数据）,一致（退货原因未标注，待卖家补充）,待分析,dataset
RG-001137,TL-21F2A5C3244B531186B4E7F91D555861,Natori Women's Bliss Mesh Girl Brief,饰品配件,S7,锐捷制造,TheLook,en,US,18.0,2021-09-01,0.873,True,无明显瑕疵,退货原因未标注（订单流数据）,一致（退货原因未标注，待卖家补充）,待分析,dataset
RG-001138,TL-7439AEBDBA054F0D586D486EF2AFF185,Nicole Miller Women's Fit and Flare Coat,服饰鞋包,S7,锐捷制造,TheLook,en,US,132.5,2021-08-26,0.885,True,无明显瑕疵,退货原因未标注（订单流数据）,一致（退货原因未标注，待卖家补充）,待分析,dataset
RG-001139,TL-B4591E1EF51FDD8A9A8E7E7659C1A702,Stance Lizard King Socks - Men's,饰品配件,S7,锐捷制造,TheLook,en,US,11.99,2022-11-11,0.935,True,无明显瑕疵,退货原因未标注（订单流数据）,一致（退货原因未标注，待卖家补充）,待分析,dataset
RG-001140,TL-EEEA8C180C5DFF16F68A6B7E2606B430,Seamless Fashion Leggings - Neon Yellow,饰品配件,S7,锐捷制造,TheLook,en,US,12.99,2022-09-28,0.871,True,无明显瑕疵,退货原因未标注（订单流数据）,一致（退货原因未标注，待卖家补充）,待分析,dataset
RG-001141,TL-C310D9645160CE5CC084D231D24D20E5,Three Seasons Maternity Women's Flair Jean,饰品配件,S7,锐捷制造,TheLook,en,US,42.0,2023-01-09,0.868,True,无明显瑕疵,退货原因未标注（订单流数据）,一致（退货原因未标注，待卖家补充）,待分析,dataset
RG-001142,TL-B2DC43F5CEEF31610D294FA01C6E7399,True Religion Men's Jimmy Super Jacket,服饰鞋包,S7,锐捷制造,TheLook,en,US,338.0,2022-01-04,0.935,True,无明显瑕疵,退货原因未标注（订单流数据）,一致（退货原因未标注，待卖家补充）,待分析,dataset
RG-001143,TL-77D186B29F493DCC23D67842D66E75E4,Brand Q Wedding Vest Set Lite Blue Paisley 3pcs Tuxedo Vest + Necktie + Handkerchief,服饰鞋包,S7,锐捷制造,TheLook,en,US,37.9,2022-11-18,0.885,True,无明显瑕疵,退货原因未标注（订单流数据）,一致（退货原因未标注，待卖家补充）,待分析,dataset
RG-001144,TL-74564920D4B9F130298880D010C929CD,Rip Curl Men's Torque Cargo Short,饰品配件,S7,锐捷制造,TheLook,en,US,45.0,2022-04-09,0.914,True,无明显瑕疵,退货原因未标注（订单流数据）,一致（退货原因未标注，待卖家补充）,待分析,dataset
RG-001145,TL-0D5A4A5A748611231B945D28436B8ECE,Satin Charmeuse Robe Five Color Choices Sizes (S M L XL 2X) Up2date Fashion Style#Gwn11,饰品配件,S7,锐捷制造,TheLook,en,US,12.99,2022-02-09,0.897,True,无明显瑕疵,退货原因未标注（订单流数据）,一致（退货原因未标注，待卖家补充）,待分析,dataset
RG-001146,TL-82AA639F39EBBC1BB4A396EEEF74CA6B,Volcom Men's Station Lined,服饰鞋包,S7,锐捷制造,TheLook,en,US,89.5,2023-05-19,0.956,True,无明显瑕疵,退货原因未标注（订单流数据）,一致（退货原因未标注，待卖家补充）,待分析,dataset
RG-001147,TL-341CD8064BF4C9916FD60639EE7A5A9B,Lucky Brand Men's Del Mar Printed Cargo Short,饰品配件,S7,锐捷制造,TheLook,en,US,89.5,2021-11-09,0.871,True,无明显瑕疵,退货原因未标注（订单流数据）,一致（退货原因未标注，待卖家补充）,待分析,dataset
RG-001148,TL-E6ED5DACBFE60A3EA12E24759D7D5647,Tommy Hilfiger Women's Packable Down Jacket with Hood,服饰鞋包,S7,锐捷制造,TheLook,en,US,105.0,2023-02-14,0.903,True,无明显瑕疵,退货原因未标注（订单流数据）,一致（退货原因未标注，待卖家补充）,待分析,dataset
RG-001149,TL-927B028CFA24B23A09FF20C1A7F9B398,Carole Hochman Women's Long Zip Robe,饰品配件,S7,锐捷制造,TheLook,en,US,79.0,2023-05-18,0.926,True,无明显瑕疵,退货原因未标注（订单流数据）,一致（退货原因未标注，待卖家补充）,待分析,dataset
RG-001150,TL-84F7E69969DEA92A925508F7C1F9579A,Caribbean Joe Women's Waffle Stitch Sweater,服饰鞋包,S7,锐捷制造,TheLook,en,US,48.0,2022-07-15,0.875,True,无明显瑕疵,退货原因未标注（订单流数据）,一致（退货原因未标注，待卖家补充）,待分析,dataset
RG-001151,TL-0ACE141F8779C77B60CDC66FA22DA900,Dickies Men's Fleece Lined Hooded Jacket,服饰鞋包,S7,锐捷制造,TheLook,en,US,80.99,2020-06-24,0.906,True,无明显瑕疵,退货原因未标注（订单流数据）,一致（退货原因未标注，待卖家补充）,待分析,dataset
RG-001152,TL-0E189C35ADAB992D274C294586143EC9,Not Your Daughter's Jeans Women's Plus-Size Marylin Straight Leg Jeans,饰品配件,S7,锐捷制造,TheLook,en,US,108.0,2023-04-10,0.954,True,无明显瑕疵,退货原因未标注（订单流数据）,一致（退货原因未标注，待卖家补充）,待分析,dataset
RG-001153,TL-689041C2BAED0F6D91050495D632D6E0,Hanes Everyday Classic Underwire 2-Pack Bra # H446,饰品配件,S7,锐捷制造,TheLook,en,US,17.0,2023-04-27,0.967,True,无明显瑕疵,退货原因未标注（订单流数据）,一致（退货原因未标注，待卖家补充）,待分析,dataset
RG-001154,TL-8B2A9C176D358811A479F771A5874C1B,Capelli New York Lovely Snowflake Printed Fairisle Legging,饰品配件,S7,锐捷制造,TheLook,en,US,13.95,2022-06-06,0.954,True,无明显瑕疵,退货原因未标注（订单流数据）,一致（退货原因未标注，待卖家补充）,待分析,dataset
RG-001155,TL-005F91955FF9FC532184BA7566F088FD,Fashion Forms Breast Petals 6-pack Nude,饰品配件,S7,锐捷制造,TheLook,en,US,11.0,2023-05-25,0.883,True,无明显瑕疵,退货原因未标注（订单流数据）,一致（退货原因未标注，待卖家补充）,待分析,dataset
RG-001156,TL-C65D7BD70FE3E5E3A2F3DE681EDC193D,adidas Women's Tiro 11 Training Pant,饰品配件,S7,锐捷制造,TheLook,en,US,45.0,2020-12-07,0.939,True,无明显瑕疵,退货原因未标注（订单流数据）,一致（退货原因未标注，待卖家补充）,待分析,dataset
RG-001157,TL-FBEFA505C8E8BF6D46F38F5277FED8D6,Three Dots Women's Fold Over Skirt,饰品配件,S7,锐捷制造,TheLook,en,US,88.0,2022-03-10,0.878,True,无明显瑕疵,退货原因未标注（订单流数据）,一致（退货原因未标注，待卖家补充）,待分析,dataset
RG-001158,TL-F670BECB6AF62308CDBE9F5C6C741855,Perry Ellis Men's Knit Checkerboard Printed Boxer,服饰鞋包,S7,锐捷制造,TheLook,en,US,25.0,2022-03-24,0.861,True,无明显瑕疵,退货原因未标注（订单流数据）,一致（退货原因未标注，待卖家补充）,待分析,dataset
RG-001159,TL-EBE1FE48A59DCF8DE128D2339CB85835,Matix Men's Mj Cord,服饰鞋包,S7,锐捷制造,TheLook,en,US,65.0,2022-10-22,0.889,True,无明显瑕疵,退货原因未标注（订单流数据）,一致（退货原因未标注，待卖家补充）,待分析,dataset
RG-001160,TL-F05DA679342107F92111AD9D65959CD3,Maidenform Women's Pure Genius Extra Coverage Tailored Bra,饰品配件,S7,锐捷制造,TheLook,en,US,36.0,2022-01-24,0.953,True,无明显瑕疵,退货原因未标注（订单流数据）,一致（退货原因未标注，待卖家补充）,待分析,dataset
RG-001161,TL-679635E8EFE21E055AE3693F6145F298,Dickies 82408 Youtility Women's Lab Coat,饰品配件,S7,锐捷制造,TheLook,en,US,36.24,,0.936,True,无明显瑕疵,退货原因未标注（订单流数据）,一致（退货原因未标注，待卖家补充）,待分析,dataset
RG-001162,TL-37C9216B00A111AC0E1F81DE25DDFF77,Charcoal White Ladies Jersey Letterman A Jacket,服饰鞋包,S7,锐捷制造,TheLook,en,US,32.9,2020-09-21,0.93,True,无明显瑕疵,退货原因未标注（订单流数据）,一致（退货原因未标注，待卖家补充）,待分析,dataset
RG-001163,TL-D9BEC6B996FF7A16FC57FB253E6255C8,Warner's Women's True Fit Hipster,饰品配件,S7,锐捷制造,TheLook,en,US,9.5,2022-08-30,0.927,True,无明显瑕疵,退货原因未标注（订单流数据）,一致（退货原因未标注，待卖家补充）,待分析,dataset
RG-001164,TL-6B8EBA43551742214453411664A0DCC8,MJ Soffe Juniors Burn Out Hoodie Tee,服饰鞋包,S7,锐捷制造,TheLook,en,US,25.0,2023-03-15,0.866,True,无明显瑕疵,退货原因未标注（订单流数据）,一致（退货原因未标注，待卖家补充）,待分析,dataset
RG-001165,TL-282ED79347CFC23FC4A700154D671E05,L*Space Sensual Solids Loop Side Hipster Bottom,服饰鞋包,S7,锐捷制造,TheLook,en,US,62.0,2022-03-10,0.897,True,无明显瑕疵,退货原因未标注（订单流数据）,一致（退货原因未标注，待卖家补充）,待分析,dataset
RG-001166,TL-F042FE2D8C2E42A80C9CB8FFC652D914,Polo Ralph Lauren Big & Tall Half Zip French Rib Fleece Hunter Navy,服饰鞋包,S7,锐捷制造,TheLook,en,US,110.0,2022-01-22,0.956,True,无明显瑕疵,退货原因未标注（订单流数据）,一致（退货原因未标注，待卖家补充）,待分析,dataset
RG-001167,TL-389C96D539ED67BD670F0A32D9765469,Perry Ellis Men's Fleece Pant,饰品配件,S7,锐捷制造,TheLook,en,US,35.0,2022-12-01,0.906,True,无明显瑕疵,退货原因未标注（订单流数据）,一致（退货原因未标注，待卖家补充）,待分析,dataset
RG-001168,TL-78E3B5CA79E1D3688B73C13540B5C261,2(x)ist Men's Essential 3 Pack Tank Top,服饰鞋包,S7,锐捷制造,TheLook,en,US,32.5,2020-12-05,0.918,True,无明显瑕疵,退货原因未标注（订单流数据）,一致（退货原因未标注，待卖家补充）,待分析,dataset
RG-001169,TL-CF88118AA2BA88DE549D08038AE76606,Karen Kane Women's Button Up Shirred Dress,服饰鞋包,S7,锐捷制造,TheLook,en,US,69.87,2023-05-27,0.922,True,无明显瑕疵,退货原因未标注（订单流数据）,一致（退货原因未标注，待卖家补充）,待分析,dataset
RG-001170,TL-E6BE4C22A5963AB00DFE8F3B695B5332,Mavi Women's Tiara Lowrise Cuffed Short,饰品配件,S7,锐捷制造,TheLook,en,US,25.0,2023-05-30,0.939,True,无明显瑕疵,退货原因未标注（订单流数据）,一致（退货原因未标注，待卖家补充）,待分析,dataset
RG-001171,TL-BD722D51BDD676CC03C87B2AB18B7437,Holden Shawl Collar Sweater - Men's,服饰鞋包,S7,锐捷制造,TheLook,en,US,179.95,2022-09-26,0.862,True,无明显瑕疵,退货原因未标注（订单流数据）,一致（退货原因未标注，待卖家补充）,待分析,dataset
RG-001172,TL-6578EA8C336AA704C7E8EA2C5F19353B,LRG The So Sensi TS Jeans in Dark Indigo,饰品配件,S7,锐捷制造,TheLook,en,US,79.0,2023-01-25,0.862,True,无明显瑕疵,退货原因未标注（订单流数据）,一致（退货原因未标注，待卖家补充）,待分析,dataset
RG-001173,TL-27D5B5FD04FAB043C0C64468FE18E488,Armani Exchange A:X Sporty Fleece Jacket,服饰鞋包,S7,锐捷制造,TheLook,en,US,128.0,2022-01-10,0.925,True,无明显瑕疵,退货原因未标注（订单流数据）,一致（退货原因未标注，待卖家补充）,待分析,dataset
RG-001174,TL-D2CC6063BCE8482E2CDF59D6A1885D73,Outdoor Research Swift Sun HatOne Size,饰品配件,S7,锐捷制造,TheLook,en,US,21.95,2021-04-26,0.873,True,无明显瑕疵,退货原因未标注（订单流数据）,一致（退货原因未标注，待卖家补充）,待分析,dataset
RG-001175,TL-F9423E68B6D0A7BF46ACA6B07D4D2F32,Calvin Klein Men's X Cotton Fashion Boxer Brief,服饰鞋包,S7,锐捷制造,TheLook,en,US,28.0,2022-07-16,0.942,True,无明显瑕疵,退货原因未标注（订单流数据）,一致（退货原因未标注，待卖家补充）,待分析,dataset
RG-001176,TL-334467D41D5CF21E234465A1530BA647,Jones New York Women's Side Ruffle Dress,服饰鞋包,S7,锐捷制造,TheLook,en,US,139.0,2023-04-28,0.865,True,无明显瑕疵,退货原因未标注（订单流数据）,一致（退货原因未标注，待卖家补充）,待分析,dataset
RG-001177,TL-A3788C8C64FD65C470E23E7534C3EBC8,Smartwool Toe Sock Micro,饰品配件,S7,锐捷制造,TheLook,en,US,110.0,2023-02-11,0.919,True,无明显瑕疵,退货原因未标注（订单流数据）,一致（退货原因未标注，待卖家补充）,待分析,dataset
RG-001178,TL-D2A10B0BD670E442B1D3CAA3FBF9E695,David Lerner Women's Ribbed Leggings,饰品配件,S7,锐捷制造,TheLook,en,US,84.56,2020-09-02,0.911,True,无明显瑕疵,退货原因未标注（订单流数据）,一致（退货原因未标注，待卖家补充）,待分析,dataset
RG-001179,TL-4204DC3A11678C6B1D0BE57CFE0A21B0,Betsey Johnson Bee Line Halter Tankini Top,服饰鞋包,S7,锐捷制造,TheLook,en,US,92.0,2022-04-05,0.92,True,无明显瑕疵,退货原因未标注（订单流数据）,一致（退货原因未标注，待卖家补充）,待分析,dataset
RG-001180,TL-56E7E29610248EC3C12CEACAA97BB699,Dockers Men's 3-Pack Sport Crew Socks,饰品配件,S7,锐捷制造,TheLook,en,US,25.0,2022-11-08,0.916,True,无明显瑕疵,退货原因未标注（订单流数据）,一致（退货原因未标注，待卖家补充）,待分析,dataset
RG-001181,TL-79CAE1BE0FBAE74DAFBF8399EE2209CB,Allegra K Woman V Neck Elastic Waist Above Knee Dress Beige Blue M,服饰鞋包,S7,锐捷制造,TheLook,en,US,11.45,2022-09-15,0.917,True,无明显瑕疵,退货原因未标注（订单流数据）,一致（退货原因未标注，待卖家补充）,待分析,dataset
RG-001182,TL-2425AD56CC45ACBD2FC44F149D69A9B8,Tommy Bahama Flip Side Pro Half Zip (T21797),服饰鞋包,S7,锐捷制造,TheLook,en,US,98.0,2021-10-18,0.938,True,无明显瑕疵,退货原因未标注（订单流数据）,一致（退货原因未标注，待卖家补充）,待分析,dataset
RG-001183,TL-BFC54CB12AC9731EEA182845891E6CC8,Oneill Men's Lock Up Sweatshirt,服饰鞋包,S7,锐捷制造,TheLook,en,US,44.5,2023-05-28,0.876,True,无明显瑕疵,退货原因未标注（订单流数据）,一致（退货原因未标注，待卖家补充）,待分析,dataset
RG-001184,TL-CAA145542F7333F6EBF99A72B87BDEBA,Dockers Women's Plus-Size Utility Promo Short,饰品配件,S7,锐捷制造,TheLook,en,US,48.0,2022-10-12,0.938,True,无明显瑕疵,退货原因未标注（订单流数据）,一致（退货原因未标注，待卖家补充）,待分析,dataset
RG-001185,TL-99F437D56C43AA49B37AF39678CD04E7,Polo Ralph Lauren Big & Tall Men's 3-Pack Classic Socks,饰品配件,S7,锐捷制造,TheLook,en,US,16.0,2022-11-04,0.884,True,无明显瑕疵,退货原因未标注（订单流数据）,一致（退货原因未标注，待卖家补充）,待分析,dataset
RG-001186,TL-276D18B2DB1978D562FA17920C57977F,Buffalo by David Bitton  Men's Driven Vintage Worn Jean,饰品配件,S7,锐捷制造,TheLook,en,US,89.0,2021-12-28,0.937,True,无明显瑕疵,退货原因未标注（订单流数据）,一致（退货原因未标注，待卖家补充）,待分析,dataset
RG-001187,TL-70C445EE64B1ED0583367A12A79A9EF2,Columbia Women's Glacial Fleece Iii 1/2 Zip Jacket,饰品配件,S7,锐捷制造,TheLook,en,US,45.0,2021-11-22,0.873,True,无明显瑕疵,退货原因未标注（订单流数据）,一致（退货原因未标注，待卖家补充）,待分析,dataset
RG-001188,TL-A63FC8C5D915E1F1A40F40E6C7499863,Armani Exchange Striped Logo Jacket,服饰鞋包,S7,锐捷制造,TheLook,en,US,88.0,2022-02-23,0.954,True,无明显瑕疵,退货原因未标注（订单流数据）,一致（退货原因未标注，待卖家补充）,待分析,dataset
RG-001189,TL-EFB534DE6F86B9996E556B05DDF72357,Motherhood Maternity: Sleeveless Clip Down Double Opening Stretch Fabric Nursing Cami,饰品配件,S7,锐捷制造,TheLook,en,US,21.98,2020-02-15,0.897,True,无明显瑕疵,退货原因未标注（订单流数据）,一致（退货原因未标注，待卖家补充）,待分析,dataset
RG-001190,TL-B5628FED964D280AAB18F11D1AFCD3FE,Perry Ellis Portfolio Men's Long Sleeve Sleep Set - Gift Boxed,饰品配件,S7,锐捷制造,TheLook,en,US,60.0,2023-03-27,0.873,True,无明显瑕疵,退货原因未标注（订单流数据）,一致（退货原因未标注，待卖家补充）,待分析,dataset
RG-001191,TL-5F96320C454AED712E4545ADACDBA754,Cinema Etoile Women's Square Neck Cami,饰品配件,S7,锐捷制造,TheLook,en,US,23.0,2021-04-25,0.965,True,无明显瑕疵,退货原因未标注（订单流数据）,一致（退货原因未标注，待卖家补充）,待分析,dataset
RG-001192,TL-64A7157CF3932BF74755AA3CF586F2EC,Calvin Klein Jeans Women's Jegging,饰品配件,S7,锐捷制造,TheLook,en,US,69.5,,0.875,True,无明显瑕疵,退货原因未标注（订单流数据）,一致（退货原因未标注，待卖家补充）,待分析,dataset
RG-001193,TL-46123E470D3226911C48DF4E9867B9DB,Allegra K Women Hidden Zipper Back Slant Pockets Summer Casual Jumpsuit Pink Baby Blue S,饰品配件,S7,锐捷制造,TheLook,en,US,12.06,2022-09-06,0.923,True,无明显瑕疵,退货原因未标注（订单流数据）,一致（退货原因未标注，待卖家补充）,待分析,dataset
RG-001194,TL-30BA105754346AAF47509089D2287F2A,Flying Tomato Bohemian Palazzo Pants,服饰鞋包,S7,锐捷制造,TheLook,en,US,46.0,2022-02-25,0.957,True,无明显瑕疵,退货原因未标注（订单流数据）,一致（退货原因未标注，待卖家补充）,待分析,dataset
RG-001195,TL-B20BDABB93C52A6DDA63CEE1F15FB81E,Raffi Linea Uomo Men's 100% Cashmere Shawl Sweater,服饰鞋包,S7,锐捷制造,TheLook,en,US,225.0,2022-11-17,0.903,True,无明显瑕疵,退货原因未标注（订单流数据）,一致（退货原因未标注，待卖家补充）,待分析,dataset
RG-001196,TL-FC64088B0F734C47F016D7A69CC53333,2(x)ist Men's Essential No Show Trunk,服饰鞋包,S7,锐捷制造,TheLook,en,US,22.0,2020-07-26,0.967,True,无明显瑕疵,退货原因未标注（订单流数据）,一致（退货原因未标注，待卖家补充）,待分析,dataset
RG-001197,TL-542A659782A0B10F3B9BF402455D3169,Diesel Men's Derik Trousers,饰品配件,S7,锐捷制造,TheLook,en,US,60.0,2021-01-03,0.885,True,无明显瑕疵,退货原因未标注（订单流数据）,一致（退货原因未标注，待卖家补充）,待分析,dataset
RG-001198,TL-328347805873E9A9C700591812FB0EC2,Karl Lagerfeld for Impulse Womens Faux Leather Shorts,饰品配件,S7,锐捷制造,TheLook,en,US,44.0,2022-03-10,0.905,True,无明显瑕疵,退货原因未标注（订单流数据）,一致（退货原因未标注，待卖家补充）,待分析,dataset
RG-001199,TL-9A4400501FEBB2A95E79248486A5F6D3,bebe Piped Velour Hoodie,服饰鞋包,S7,锐捷制造,TheLook,en,US,79.0,2021-11-10,0.964,True,无明显瑕疵,退货原因未标注（订单流数据）,一致（退货原因未标注，待卖家补充）,待分析,dataset
RG-001200,TL-806C0BF65A5CC8E89564AC7391BB3F76,Brand New Landisun Wedding Tuxedo Vest / waistcoat Silk Set: (Silk Vest + tie + hanky + cufflinks) Red Paisley 104VS,服饰鞋包,S7,锐捷制造,TheLook,en,US,79.99,2023-05-01,0.898,True,无明显瑕疵,退货原因未标注（订单流数据）,一致（退货原因未标注，待卖家补充）,待分析,dataset
RG-001201,UCI-M,Manual,饰品配件,S7,锐捷制造,UCI-Retail,en,United Kingdom,1283.8,2026-08-11,0.93,True,无明显瑕疵,退货原因未标注（交易流数据）,一致（退货原因未标注，待卖家补充）,待分析,dataset
RG-001202,UCI-21314,SMALL GLASS HEART TRINKET POT,小家电,S7,锐捷制造,UCI-Retail,en,United Kingdom,2.1,2026-08-14,0.911,True,无明显瑕疵,退货原因未标注（交易流数据）,一致（退货原因未标注，待卖家补充）,待分析,dataset
RG-001203,UCI-21314,SMALL GLASS HEART TRINKET POT,小家电,S7,锐捷制造,UCI-Retail,en,United Kingdom,2.1,2026-08-03,0.911,True,无明显瑕疵,退货原因未标注（交易流数据）,一致（退货原因未标注，待卖家补充）,待分析,dataset
RG-001204,AMZ-P21486,Books · P21486,饰品配件,S3,鑫源电子(劣),Amazon,en,US,61.97,2026-08-10,0.901,True,外包装破损,Damaged,存在差异（货不对板 / 运输或质量瑕疵）,输,dataset
RG-001205,AMZ-P21486,Books · P21486,饰品配件,S3,鑫源电子(劣),Amazon,en,US,61.97,2026-08-02,0.901,True,外包装破损,Damaged,存在差异（货不对板 / 运输或质量瑕疵）,输,dataset
RG-001206,AMZ-P21486,Books · P21486,饰品配件,S3,鑫源电子(劣),Amazon,en,US,61.97,2026-08-12,0.901,True,外包装破损,Damaged,存在差异（货不对板 / 运输或质量瑕疵）,输,dataset
